fecha,forecast_lower,forecast,forecast_upper,serie,modelo,producto,calibre,unidad
2026-04-06,6.956969116011003,7.79493689947149,8.355084919385686,Brazil HON|10-12 lb,Ensemble Naive+Prophet,Brazil HON,10-12 lb,USD/kg
2026-04-13,6.632449211318463,7.6978145440102805,8.007499076373014,Brazil HON|10-12 lb,Ensemble Naive+Prophet,Brazil HON,10-12 lb,USD/kg
2026-04-20,6.516399199672178,7.586415051894607,7.8957060296875685,Brazil HON|10-12 lb,Ensemble Naive+Prophet,Brazil HON,10-12 lb,USD/kg
2026-04-27,6.612940769578968,7.389461661696173,7.9439242103186025,Brazil HON|10-12 lb,Ensemble Naive+Prophet,Brazil HON,10-12 lb,USD/kg
2026-05-04,6.637768043504624,7.16453153382974,8.06836006978581,Brazil HON|10-12 lb,Ensemble Naive+Prophet,Brazil HON,10-12 lb,USD/kg
2026-05-11,6.634038626240664,7.300339770752153,8.029733863631899,Brazil HON|10-12 lb,Ensemble Naive+Prophet,Brazil HON,10-12 lb,USD/kg
2026-05-18,6.296981859322352,7.065210054430097,7.782471493699595,Brazil HON|10-12 lb,Ensemble Naive+Prophet,Brazil HON,10-12 lb,USD/kg
2026-05-25,6.050439299807042,6.9094500226072135,7.476400550472115,Brazil HON|10-12 lb,Ensemble Naive+Prophet,Brazil HON,10-12 lb,USD/kg
2026-06-01,5.695343645302212,6.619266918697502,7.122944123581547,Brazil HON|10-12 lb,Ensemble Naive+Prophet,Brazil HON,10-12 lb,USD/kg
2026-06-08,5.505855925975703,6.437199386783035,6.888221656147872,Brazil HON|10-12 lb,Ensemble Naive+Prophet,Brazil HON,10-12 lb,USD/kg
2026-06-15,5.397165660884293,6.35050487567457,6.845996593313151,Brazil HON|10-12 lb,Ensemble Naive+Prophet,Brazil HON,10-12 lb,USD/kg
2026-06-22,5.581029444275119,6.335736523895919,6.918936817119276,Brazil HON|10-12 lb,Ensemble Naive+Prophet,Brazil HON,10-12 lb,USD/kg
2026-06-29,5.670042012919488,6.305700654605847,7.101387369156366,Brazil HON|10-12 lb,Ensemble Naive+Prophet,Brazil HON,10-12 lb,USD/kg
2026-07-06,5.637955842562786,6.395415469192093,7.068944608834444,Brazil HON|10-12 lb,Ensemble Naive+Prophet,Brazil HON,10-12 lb,USD/kg
2026-07-13,5.564957019402858,6.398344219037337,7.019026256764805,Brazil HON|10-12 lb,Ensemble Naive+Prophet,Brazil HON,10-12 lb,USD/kg
2026-07-20,5.452558455936832,6.403113472322116,6.91867323907863,Brazil HON|10-12 lb,Ensemble Naive+Prophet,Brazil HON,10-12 lb,USD/kg
2026-07-27,5.283994852139364,6.132114796917842,6.704976606093995,Brazil HON|10-12 lb,Ensemble Naive+Prophet,Brazil HON,10-12 lb,USD/kg
2026-08-03,5.205944122497648,6.1068355525795255,6.620735714581128,Brazil HON|10-12 lb,Ensemble Naive+Prophet,Brazil HON,10-12 lb,USD/kg
2026-08-10,5.159017978972209,6.009878824108518,6.512201966634127,Brazil HON|10-12 lb,Ensemble Naive+Prophet,Brazil HON,10-12 lb,USD/kg
2026-08-17,4.874188522155446,5.878454675043563,6.2869906702513445,Brazil HON|10-12 lb,Ensemble Naive+Prophet,Brazil HON,10-12 lb,USD/kg
2026-08-24,4.741820789713254,5.619365990437826,6.093185246132984,Brazil HON|10-12 lb,Ensemble Naive+Prophet,Brazil HON,10-12 lb,USD/kg
2026-08-31,4.6597519816108,5.490668904634855,6.041697454158786,Brazil HON|10-12 lb,Ensemble Naive+Prophet,Brazil HON,10-12 lb,USD/kg
2026-09-07,4.832185918168204,5.631798423012874,6.148793081019517,Brazil HON|10-12 lb,Ensemble Naive+Prophet,Brazil HON,10-12 lb,USD/kg
2026-09-14,4.959423584187636,5.696463180619329,6.387764722065799,Brazil HON|10-12 lb,Ensemble Naive+Prophet,Brazil HON,10-12 lb,USD/kg
2026-09-21,4.9978672900327705,5.581828905933351,6.418884832663442,Brazil HON|10-12 lb,Ensemble Naive+Prophet,Brazil HON,10-12 lb,USD/kg
2026-09-28,4.850542708719178,5.489788059781506,6.270436357608604,Brazil HON|10-12 lb,Ensemble Naive+Prophet,Brazil HON,10-12 lb,USD/kg
2026-10-05,4.744963568575426,5.5293191963730095,6.1279767925018716,Brazil HON|10-12 lb,Ensemble Naive+Prophet,Brazil HON,10-12 lb,USD/kg
2026-10-12,4.773016220509739,5.7146603082348495,6.049386534118733,Brazil HON|10-12 lb,Ensemble Naive+Prophet,Brazil HON,10-12 lb,USD/kg
2026-10-19,4.910780294462646,5.649058056238241,6.301901976196644,Brazil HON|10-12 lb,Ensemble Naive+Prophet,Brazil HON,10-12 lb,USD/kg
2026-10-26,5.104596613168771,5.653862928697139,6.468875989023334,Brazil HON|10-12 lb,Ensemble Naive+Prophet,Brazil HON,10-12 lb,USD/kg
2026-11-02,5.165757228933064,5.734543707510994,6.645897514811751,Brazil HON|10-12 lb,Ensemble Naive+Prophet,Brazil HON,10-12 lb,USD/kg
2026-11-09,5.12076859415832,5.706951987851679,6.556138135356492,Brazil HON|10-12 lb,Ensemble Naive+Prophet,Brazil HON,10-12 lb,USD/kg
2026-11-16,4.992286605429246,5.828018649177299,6.411880575279896,Brazil HON|10-12 lb,Ensemble Naive+Prophet,Brazil HON,10-12 lb,USD/kg
2026-11-23,4.916835698101852,5.9949544638273675,6.407117482744125,Brazil HON|10-12 lb,Ensemble Naive+Prophet,Brazil HON,10-12 lb,USD/kg
2026-11-30,5.076278139579937,5.893223408106002,6.478814245700056,Brazil HON|10-12 lb,Ensemble Naive+Prophet,Brazil HON,10-12 lb,USD/kg
2026-12-07,5.270389575486957,5.8300058243814386,6.658702146617036,Brazil HON|10-12 lb,Ensemble Naive+Prophet,Brazil HON,10-12 lb,USD/kg
2026-12-14,5.431205920312751,5.822320556577908,6.841897536014968,Brazil HON|10-12 lb,Ensemble Naive+Prophet,Brazil HON,10-12 lb,USD/kg
2026-12-21,5.685790316901836,5.890424882252556,7.079477149749792,Brazil HON|10-12 lb,Ensemble Naive+Prophet,Brazil HON,10-12 lb,USD/kg
2026-12-28,5.956474599045838,6.0245518823884066,7.367944736556875,Brazil HON|10-12 lb,Ensemble Naive+Prophet,Brazil HON,10-12 lb,USD/kg
2027-01-04,6.273813025846837,6.52440163542261,7.694445762225313,Brazil HON|10-12 lb,Ensemble Naive+Prophet,Brazil HON,10-12 lb,USD/kg
2027-01-11,6.332950238343269,6.722610315447922,7.75248331184667,Brazil HON|10-12 lb,Ensemble Naive+Prophet,Brazil HON,10-12 lb,USD/kg
2027-01-18,6.3300682350075075,7.057815762619581,7.650742223408875,Brazil HON|10-12 lb,Ensemble Naive+Prophet,Brazil HON,10-12 lb,USD/kg
2027-01-25,6.146685856277971,7.360675644406772,7.563230904893266,Brazil HON|10-12 lb,Ensemble Naive+Prophet,Brazil HON,10-12 lb,USD/kg
2027-02-01,6.062486637477195,7.146901652338464,7.4369915243728215,Brazil HON|10-12 lb,Ensemble Naive+Prophet,Brazil HON,10-12 lb,USD/kg
2027-02-08,6.036368836158862,6.909681417486104,7.414856117505261,Brazil HON|10-12 lb,Ensemble Naive+Prophet,Brazil HON,10-12 lb,USD/kg
2027-02-15,6.0947369360713,6.766614614443032,7.5440412290877426,Brazil HON|10-12 lb,Ensemble Naive+Prophet,Brazil HON,10-12 lb,USD/kg
2027-02-22,6.259142523227829,6.5258494975207455,7.636523939136318,Brazil HON|10-12 lb,Ensemble Naive+Prophet,Brazil HON,10-12 lb,USD/kg
2027-03-01,6.487398383689409,6.523391256493449,7.852068904159308,Brazil HON|10-12 lb,Ensemble Naive+Prophet,Brazil HON,10-12 lb,USD/kg
2027-03-08,6.76382782461334,6.808514823548521,8.17203273404164,Brazil HON|10-12 lb,Ensemble Naive+Prophet,Brazil HON,10-12 lb,USD/kg
2027-03-15,6.978132576546937,7.302695533388089,8.403995542422077,Brazil HON|10-12 lb,Ensemble Naive+Prophet,Brazil HON,10-12 lb,USD/kg
2027-03-22,7.159949301647208,7.409599525665038,8.55223266440924,Brazil HON|10-12 lb,Ensemble Naive+Prophet,Brazil HON,10-12 lb,USD/kg
2027-03-29,6.973219816027318,8.30789267645824,8.460883794948566,Brazil HON|10-12 lb,Ensemble Naive+Prophet,Brazil HON,10-12 lb,USD/kg
2027-04-05,6.696842570413707,7.6675363641181296,8.115835484767711,Brazil HON|10-12 lb,Ensemble Naive+Prophet,Brazil HON,10-12 lb,USD/kg
2027-04-12,6.377503170775998,7.5606822894814165,7.759910798829564,Brazil HON|10-12 lb,Ensemble Naive+Prophet,Brazil HON,10-12 lb,USD/kg
2027-04-19,6.155586966479658,7.431148465889994,7.631813163790356,Brazil HON|10-12 lb,Ensemble Naive+Prophet,Brazil HON,10-12 lb,USD/kg
2027-04-26,6.218144404992569,7.223128976220161,7.65971055932017,Brazil HON|10-12 lb,Ensemble Naive+Prophet,Brazil HON,10-12 lb,USD/kg
2027-05-03,6.307288513863249,7.001759119604159,7.706059462418947,Brazil HON|10-12 lb,Ensemble Naive+Prophet,Brazil HON,10-12 lb,USD/kg
2027-05-10,6.276659901444616,7.151797444745491,7.692021947507887,Brazil HON|10-12 lb,Ensemble Naive+Prophet,Brazil HON,10-12 lb,USD/kg
2027-05-17,6.073672940941273,6.931950641620969,7.4993551159153435,Brazil HON|10-12 lb,Ensemble Naive+Prophet,Brazil HON,10-12 lb,USD/kg
2027-05-24,5.790947040530879,6.784253437677792,7.202710600418113,Brazil HON|10-12 lb,Ensemble Naive+Prophet,Brazil HON,10-12 lb,USD/kg
2027-05-31,5.421465384500238,6.490937109372302,6.904678844686672,Brazil HON|10-12 lb,Ensemble Naive+Prophet,Brazil HON,10-12 lb,USD/kg
2027-06-07,5.182685643052769,6.2955519403435325,6.59659804935976,Brazil HON|10-12 lb,Ensemble Naive+Prophet,Brazil HON,10-12 lb,USD/kg
2027-06-14,5.110524968372013,6.191943471774666,6.563382837114912,Brazil HON|10-12 lb,Ensemble Naive+Prophet,Brazil HON,10-12 lb,USD/kg
2027-06-21,5.215806211144215,6.1668236555168585,6.600810862384577,Brazil HON|10-12 lb,Ensemble Naive+Prophet,Brazil HON,10-12 lb,USD/kg
2027-06-28,5.342773649020061,6.139862652016344,6.679347577901024,Brazil HON|10-12 lb,Ensemble Naive+Prophet,Brazil HON,10-12 lb,USD/kg
2027-07-05,5.391194990924793,6.24282523723096,6.893354987354014,Brazil HON|10-12 lb,Ensemble Naive+Prophet,Brazil HON,10-12 lb,USD/kg
2027-07-12,5.301371130340348,6.257629773248524,6.7561576545961755,Brazil HON|10-12 lb,Ensemble Naive+Prophet,Brazil HON,10-12 lb,USD/kg
2027-07-19,5.146890383001025,6.264147979774146,6.541014090560072,Brazil HON|10-12 lb,Ensemble Naive+Prophet,Brazil HON,10-12 lb,USD/kg
2027-07-26,4.990185243194775,5.987844930232736,6.379108352147427,Brazil HON|10-12 lb,Ensemble Naive+Prophet,Brazil HON,10-12 lb,USD/kg
2027-08-02,4.900937153659658,5.9609359947650935,6.32874375881926,Brazil HON|10-12 lb,Ensemble Naive+Prophet,Brazil HON,10-12 lb,USD/kg
2027-08-09,4.837093237631577,5.870696577668482,6.282260398297857,Brazil HON|10-12 lb,Ensemble Naive+Prophet,Brazil HON,10-12 lb,USD/kg
2027-08-16,4.673121316349424,5.745955277794436,6.057343401513912,Brazil HON|10-12 lb,Ensemble Naive+Prophet,Brazil HON,10-12 lb,USD/kg
2027-08-23,4.404447012897262,5.481514346742117,5.814869979350771,Brazil HON|10-12 lb,Ensemble Naive+Prophet,Brazil HON,10-12 lb,USD/kg
2027-08-30,4.35279572161265,5.335599727959778,5.770710763923879,Brazil HON|10-12 lb,Ensemble Naive+Prophet,Brazil HON,10-12 lb,USD/kg
2027-09-06,4.450057189288561,5.462744198176309,5.847444559374674,Brazil HON|10-12 lb,Ensemble Naive+Prophet,Brazil HON,10-12 lb,USD/kg
2027-09-13,4.687143689242309,5.5311572549777015,6.1464154387786625,Brazil HON|10-12 lb,Ensemble Naive+Prophet,Brazil HON,10-12 lb,USD/kg
2027-09-20,4.792971474756041,5.434956461081274,6.193324820600408,Brazil HON|10-12 lb,Ensemble Naive+Prophet,Brazil HON,10-12 lb,USD/kg
2027-09-27,4.7098950458857765,5.357216794577617,6.050427331652124,Brazil HON|10-12 lb,Ensemble Naive+Prophet,Brazil HON,10-12 lb,USD/kg
2026-04-06,7.058752777676074,7.937211830079972,8.599601373180716,Brazil HON|12-14 lb,Ensemble Naive+Prophet,Brazil HON,12-14 lb,USD/kg
2026-04-13,6.820124818871147,7.871606332577036,8.336474854192856,Brazil HON|12-14 lb,Ensemble Naive+Prophet,Brazil HON,12-14 lb,USD/kg
2026-04-20,6.782905739216563,7.776517454318377,8.174299949066986,Brazil HON|12-14 lb,Ensemble Naive+Prophet,Brazil HON,12-14 lb,USD/kg
2026-04-27,6.775258964947124,7.598400881211264,8.341904496160668,Brazil HON|12-14 lb,Ensemble Naive+Prophet,Brazil HON,12-14 lb,USD/kg
2026-05-04,6.840289154868601,7.341682906506492,8.309343825622049,Brazil HON|12-14 lb,Ensemble Naive+Prophet,Brazil HON,12-14 lb,USD/kg
2026-05-11,6.8208070033589205,7.4180568132772535,8.274413346959731,Brazil HON|12-14 lb,Ensemble Naive+Prophet,Brazil HON,12-14 lb,USD/kg
2026-05-18,6.478767861306617,7.233776371055123,8.019616316996707,Brazil HON|12-14 lb,Ensemble Naive+Prophet,Brazil HON,12-14 lb,USD/kg
2026-05-25,6.201421304734939,7.02922043909615,7.676855563366811,Brazil HON|12-14 lb,Ensemble Naive+Prophet,Brazil HON,12-14 lb,USD/kg
2026-06-01,5.897507441371522,6.734842602141141,7.365595511211491,Brazil HON|12-14 lb,Ensemble Naive+Prophet,Brazil HON,12-14 lb,USD/kg
2026-06-08,5.675718504873784,6.629027116907958,7.102743839876939,Brazil HON|12-14 lb,Ensemble Naive+Prophet,Brazil HON,12-14 lb,USD/kg
2026-06-15,5.5219212541181015,6.5018959523772075,7.046827365833904,Brazil HON|12-14 lb,Ensemble Naive+Prophet,Brazil HON,12-14 lb,USD/kg
2026-06-22,5.647919691889075,6.4549665225117305,7.139190324635867,Brazil HON|12-14 lb,Ensemble Naive+Prophet,Brazil HON,12-14 lb,USD/kg
2026-06-29,5.776640183384346,6.4935343845735005,7.190736277932787,Brazil HON|12-14 lb,Ensemble Naive+Prophet,Brazil HON,12-14 lb,USD/kg
2026-07-06,5.884093192306767,6.527836920327866,7.326196903495474,Brazil HON|12-14 lb,Ensemble Naive+Prophet,Brazil HON,12-14 lb,USD/kg
2026-07-13,5.774315151535367,6.54773812929795,7.184611354194363,Brazil HON|12-14 lb,Ensemble Naive+Prophet,Brazil HON,12-14 lb,USD/kg
2026-07-20,5.559054790134289,6.5375858286207045,7.041988279671439,Brazil HON|12-14 lb,Ensemble Naive+Prophet,Brazil HON,12-14 lb,USD/kg
2026-07-27,5.360202173491192,6.2244483519274745,6.824510938360838,Brazil HON|12-14 lb,Ensemble Naive+Prophet,Brazil HON,12-14 lb,USD/kg
2026-08-03,5.326532777544592,6.191338324787619,6.8041515151163985,Brazil HON|12-14 lb,Ensemble Naive+Prophet,Brazil HON,12-14 lb,USD/kg
2026-08-10,5.2348630739338,6.144239975564087,6.690321428408694,Brazil HON|12-14 lb,Ensemble Naive+Prophet,Brazil HON,12-14 lb,USD/kg
2026-08-17,5.157361415726206,6.030847788237031,6.588127315023318,Brazil HON|12-14 lb,Ensemble Naive+Prophet,Brazil HON,12-14 lb,USD/kg
2026-08-24,4.915682561804098,5.697605887142354,6.410749096313904,Brazil HON|12-14 lb,Ensemble Naive+Prophet,Brazil HON,12-14 lb,USD/kg
2026-08-31,4.897547691652505,5.642725386461833,6.32170107017848,Brazil HON|12-14 lb,Ensemble Naive+Prophet,Brazil HON,12-14 lb,USD/kg
2026-09-07,5.014918153626047,5.778551549439106,6.44074991281704,Brazil HON|12-14 lb,Ensemble Naive+Prophet,Brazil HON,12-14 lb,USD/kg
2026-09-14,5.095026545386741,5.818547979847818,6.586603308284972,Brazil HON|12-14 lb,Ensemble Naive+Prophet,Brazil HON,12-14 lb,USD/kg
2026-09-21,5.199812770869845,5.709156215518153,6.70295699726501,Brazil HON|12-14 lb,Ensemble Naive+Prophet,Brazil HON,12-14 lb,USD/kg
2026-09-28,5.071751017080914,5.622634441145875,6.537359628870177,Brazil HON|12-14 lb,Ensemble Naive+Prophet,Brazil HON,12-14 lb,USD/kg
2026-10-05,4.881513569175424,5.684114109379715,6.3204508456371045,Brazil HON|12-14 lb,Ensemble Naive+Prophet,Brazil HON,12-14 lb,USD/kg
2026-10-12,4.815765306522997,5.8652863174663405,6.300160853232172,Brazil HON|12-14 lb,Ensemble Naive+Prophet,Brazil HON,12-14 lb,USD/kg
2026-10-19,5.008101309847249,5.769689536027792,6.462204975071536,Brazil HON|12-14 lb,Ensemble Naive+Prophet,Brazil HON,12-14 lb,USD/kg
2026-10-26,5.19022147614262,5.773867889617164,6.735682536454484,Brazil HON|12-14 lb,Ensemble Naive+Prophet,Brazil HON,12-14 lb,USD/kg
2026-11-02,5.35182291932888,5.86841986301709,6.763962923811248,Brazil HON|12-14 lb,Ensemble Naive+Prophet,Brazil HON,12-14 lb,USD/kg
2026-11-09,5.260592578213286,5.843470586484601,6.773048275119414,Brazil HON|12-14 lb,Ensemble Naive+Prophet,Brazil HON,12-14 lb,USD/kg
2026-11-16,5.143204056916537,5.963599579725107,6.637943595928495,Brazil HON|12-14 lb,Ensemble Naive+Prophet,Brazil HON,12-14 lb,USD/kg
2026-11-23,5.060703451437021,6.136291750239703,6.62869477974401,Brazil HON|12-14 lb,Ensemble Naive+Prophet,Brazil HON,12-14 lb,USD/kg
2026-11-30,5.2682171130214765,6.025772392084233,6.752296210906636,Brazil HON|12-14 lb,Ensemble Naive+Prophet,Brazil HON,12-14 lb,USD/kg
2026-12-07,5.38412891395722,5.963129495126715,6.809263375550619,Brazil HON|12-14 lb,Ensemble Naive+Prophet,Brazil HON,12-14 lb,USD/kg
2026-12-14,5.552181419598569,5.955440173626176,6.998456487361863,Brazil HON|12-14 lb,Ensemble Naive+Prophet,Brazil HON,12-14 lb,USD/kg
2026-12-21,5.883469528712967,6.036206734674537,7.32313570540682,Brazil HON|12-14 lb,Ensemble Naive+Prophet,Brazil HON,12-14 lb,USD/kg
2026-12-28,6.1291400667688825,6.160758307526377,7.62285150560412,Brazil HON|12-14 lb,Ensemble Naive+Prophet,Brazil HON,12-14 lb,USD/kg
2027-01-04,6.37656358723324,6.67198004959245,7.8986627210739115,Brazil HON|12-14 lb,Ensemble Naive+Prophet,Brazil HON,12-14 lb,USD/kg
2027-01-11,6.506858879270254,6.849189094029881,7.968672312637454,Brazil HON|12-14 lb,Ensemble Naive+Prophet,Brazil HON,12-14 lb,USD/kg
2027-01-18,6.426836727651413,7.194692183764971,7.874058001994462,Brazil HON|12-14 lb,Ensemble Naive+Prophet,Brazil HON,12-14 lb,USD/kg
2027-01-25,6.275655908625978,7.53858039085901,7.748586484521338,Brazil HON|12-14 lb,Ensemble Naive+Prophet,Brazil HON,12-14 lb,USD/kg
2027-02-01,6.21138355431272,7.328560628529537,7.647373559498162,Brazil HON|12-14 lb,Ensemble Naive+Prophet,Brazil HON,12-14 lb,USD/kg
2027-02-08,6.276942733044816,7.114327801664821,7.707794911263583,Brazil HON|12-14 lb,Ensemble Naive+Prophet,Brazil HON,12-14 lb,USD/kg
2027-02-15,6.324278342474948,6.933903721011513,7.846335957031971,Brazil HON|12-14 lb,Ensemble Naive+Prophet,Brazil HON,12-14 lb,USD/kg
2027-02-22,6.501190606552057,6.708049036500194,7.972452000437652,Brazil HON|12-14 lb,Ensemble Naive+Prophet,Brazil HON,12-14 lb,USD/kg
2027-03-01,6.665034524538627,6.697395563523573,8.156065731302808,Brazil HON|12-14 lb,Ensemble Naive+Prophet,Brazil HON,12-14 lb,USD/kg
2027-03-08,6.92836772552102,6.974463398642638,8.451806027931774,Brazil HON|12-14 lb,Ensemble Naive+Prophet,Brazil HON,12-14 lb,USD/kg
2027-03-15,7.188212395421694,7.461130969554233,8.639748329306947,Brazil HON|12-14 lb,Ensemble Naive+Prophet,Brazil HON,12-14 lb,USD/kg
2027-03-22,7.249276456064325,7.563302251161522,8.814187691714054,Brazil HON|12-14 lb,Ensemble Naive+Prophet,Brazil HON,12-14 lb,USD/kg
2027-03-29,7.1965327434208115,8.4934313154494,8.676731660419804,Brazil HON|12-14 lb,Ensemble Naive+Prophet,Brazil HON,12-14 lb,USD/kg
2027-04-05,6.867220590985166,7.819084564524772,8.362661609177145,Brazil HON|12-14 lb,Ensemble Naive+Prophet,Brazil HON,12-14 lb,USD/kg
2027-04-12,6.561874860167942,7.741132053484208,8.055393476993233,Brazil HON|12-14 lb,Ensemble Naive+Prophet,Brazil HON,12-14 lb,USD/kg
2027-04-19,6.39897320027383,7.628063662567409,7.901114845471544,Brazil HON|12-14 lb,Ensemble Naive+Prophet,Brazil HON,12-14 lb,USD/kg
2027-04-26,6.4745734475421335,7.442069600052033,7.976811075195886,Brazil HON|12-14 lb,Ensemble Naive+Prophet,Brazil HON,12-14 lb,USD/kg
2027-05-03,6.526050166971213,7.192446749655209,7.981588164652943,Brazil HON|12-14 lb,Ensemble Naive+Prophet,Brazil HON,12-14 lb,USD/kg
2027-05-10,6.4882575151976125,7.283898598769932,8.008965682743751,Brazil HON|12-14 lb,Ensemble Naive+Prophet,Brazil HON,12-14 lb,USD/kg
2027-05-17,6.282961637800248,7.112818436462652,7.783248771157287,Brazil HON|12-14 lb,Ensemble Naive+Prophet,Brazil HON,12-14 lb,USD/kg
2027-05-24,6.025773947118984,6.913984716408753,7.4259297858792275,Brazil HON|12-14 lb,Ensemble Naive+Prophet,Brazil HON,12-14 lb,USD/kg
2027-05-31,5.691175566928908,6.616368304772166,7.082068453355587,Brazil HON|12-14 lb,Ensemble Naive+Prophet,Brazil HON,12-14 lb,USD/kg
2027-06-07,5.396830616872161,6.498896877021438,6.863380565774668,Brazil HON|12-14 lb,Ensemble Naive+Prophet,Brazil HON,12-14 lb,USD/kg
2027-06-14,5.236214126146635,6.35561187167814,6.801185250527654,Brazil HON|12-14 lb,Ensemble Naive+Prophet,Brazil HON,12-14 lb,USD/kg
2027-06-21,5.365507042969634,6.296704714962029,6.768321972460027,Brazil HON|12-14 lb,Ensemble Naive+Prophet,Brazil HON,12-14 lb,USD/kg
2027-06-28,5.4847478357442245,6.335974849721743,6.985758397396546,Brazil HON|12-14 lb,Ensemble Naive+Prophet,Brazil HON,12-14 lb,USD/kg
2027-07-05,5.554160831636531,6.383264035902661,7.030263405001328,Brazil HON|12-14 lb,Ensemble Naive+Prophet,Brazil HON,12-14 lb,USD/kg
2027-07-12,5.477923767666228,6.4174049329952885,6.9461170925746405,Brazil HON|12-14 lb,Ensemble Naive+Prophet,Brazil HON,12-14 lb,USD/kg
2027-07-19,5.344135167866325,6.411224001252526,6.757217898537298,Brazil HON|12-14 lb,Ensemble Naive+Prophet,Brazil HON,12-14 lb,USD/kg
2027-07-26,5.135406149005868,6.0918031113652376,6.623718130375472,Brazil HON|12-14 lb,Ensemble Naive+Prophet,Brazil HON,12-14 lb,USD/kg
2027-08-02,5.0608483967904245,6.053116553308767,6.53889377892337,Brazil HON|12-14 lb,Ensemble Naive+Prophet,Brazil HON,12-14 lb,USD/kg
2027-08-09,4.933544783504456,6.009389170347637,6.469773139706677,Brazil HON|12-14 lb,Ensemble Naive+Prophet,Brazil HON,12-14 lb,USD/kg
2027-08-16,4.802566122606055,5.903163506805994,6.365109802176029,Brazil HON|12-14 lb,Ensemble Naive+Prophet,Brazil HON,12-14 lb,USD/kg
2027-08-23,4.661789845760722,5.5684086018199865,6.138119775405912,Brazil HON|12-14 lb,Ensemble Naive+Prophet,Brazil HON,12-14 lb,USD/kg
2027-08-30,4.569650769901847,5.4999075180284915,6.036919286150731,Brazil HON|12-14 lb,Ensemble Naive+Prophet,Brazil HON,12-14 lb,USD/kg
2027-09-06,4.599741496655596,5.622132313220584,6.091290985042983,Brazil HON|12-14 lb,Ensemble Naive+Prophet,Brazil HON,12-14 lb,USD/kg
2027-09-13,4.766866626228628,5.663491633772202,6.277156372401077,Brazil HON|12-14 lb,Ensemble Naive+Prophet,Brazil HON,12-14 lb,USD/kg
2027-09-20,4.888096177941336,5.5702776442976045,6.378043593833035,Brazil HON|12-14 lb,Ensemble Naive+Prophet,Brazil HON,12-14 lb,USD/kg
2027-09-27,4.796415099916824,5.49800860850978,6.262304512950929,Brazil HON|12-14 lb,Ensemble Naive+Prophet,Brazil HON,12-14 lb,USD/kg
2026-04-06,7.195600942978009,8.027408497767496,8.645667359707826,Brazil HON|14-16 lb,Ensemble Naive+Prophet,Brazil HON,14-16 lb,USD/kg
2026-04-13,6.914952324526304,7.921575369355247,8.239290867629421,Brazil HON|14-16 lb,Ensemble Naive+Prophet,Brazil HON,14-16 lb,USD/kg
2026-04-20,6.785577171373915,7.817588628769839,8.193795507766557,Brazil HON|14-16 lb,Ensemble Naive+Prophet,Brazil HON,14-16 lb,USD/kg
2026-04-27,6.8170093474892655,7.619965776813032,8.31082784119672,Brazil HON|14-16 lb,Ensemble Naive+Prophet,Brazil HON,14-16 lb,USD/kg
2026-05-04,6.88780036886344,7.39315527007574,8.29280659985229,Brazil HON|14-16 lb,Ensemble Naive+Prophet,Brazil HON,14-16 lb,USD/kg
2026-05-11,6.882766689037674,7.495151484981804,8.201618588855434,Brazil HON|14-16 lb,Ensemble Naive+Prophet,Brazil HON,14-16 lb,USD/kg
2026-05-18,6.606770860636798,7.2800380300358665,8.009988892781715,Brazil HON|14-16 lb,Ensemble Naive+Prophet,Brazil HON,14-16 lb,USD/kg
2026-05-25,6.315984436641392,7.084718039123958,7.660544118448741,Brazil HON|14-16 lb,Ensemble Naive+Prophet,Brazil HON,14-16 lb,USD/kg
2026-06-01,5.888907083901165,6.7804171434290845,7.3598745478328444,Brazil HON|14-16 lb,Ensemble Naive+Prophet,Brazil HON,14-16 lb,USD/kg
2026-06-08,5.697249343498632,6.69745544561774,7.101197991636646,Brazil HON|14-16 lb,Ensemble Naive+Prophet,Brazil HON,14-16 lb,USD/kg
2026-06-15,5.553436099684971,6.544553482143417,7.017476851431729,Brazil HON|14-16 lb,Ensemble Naive+Prophet,Brazil HON,14-16 lb,USD/kg
2026-06-22,5.657645489667427,6.562208093342681,7.0961593808910814,Brazil HON|14-16 lb,Ensemble Naive+Prophet,Brazil HON,14-16 lb,USD/kg
2026-06-29,5.884818185604785,6.63242087578094,7.321044421938842,Brazil HON|14-16 lb,Ensemble Naive+Prophet,Brazil HON,14-16 lb,USD/kg
2026-07-06,5.890020090653415,6.587761312802267,7.367800272228545,Brazil HON|14-16 lb,Ensemble Naive+Prophet,Brazil HON,14-16 lb,USD/kg
2026-07-13,5.878371543881197,6.6216367867173815,7.260099620576655,Brazil HON|14-16 lb,Ensemble Naive+Prophet,Brazil HON,14-16 lb,USD/kg
2026-07-20,5.5704434186975345,6.608853569756504,7.013342861217557,Brazil HON|14-16 lb,Ensemble Naive+Prophet,Brazil HON,14-16 lb,USD/kg
2026-07-27,5.47262920282731,6.304456480378118,6.868020144895664,Brazil HON|14-16 lb,Ensemble Naive+Prophet,Brazil HON,14-16 lb,USD/kg
2026-08-03,5.384270600784431,6.274668247040909,6.878790760836274,Brazil HON|14-16 lb,Ensemble Naive+Prophet,Brazil HON,14-16 lb,USD/kg
2026-08-10,5.329177275140731,6.220259215777885,6.737344846212884,Brazil HON|14-16 lb,Ensemble Naive+Prophet,Brazil HON,14-16 lb,USD/kg
2026-08-17,5.1279965270724,6.113974211282931,6.544238733879001,Brazil HON|14-16 lb,Ensemble Naive+Prophet,Brazil HON,14-16 lb,USD/kg
2026-08-24,4.976061398486214,5.763360719241966,6.394499110220079,Brazil HON|14-16 lb,Ensemble Naive+Prophet,Brazil HON,14-16 lb,USD/kg
2026-08-31,4.931465163674849,5.740760593720891,6.297677276697361,Brazil HON|14-16 lb,Ensemble Naive+Prophet,Brazil HON,14-16 lb,USD/kg
2026-09-07,5.00402620775545,5.824152496833593,6.432485170169022,Brazil HON|14-16 lb,Ensemble Naive+Prophet,Brazil HON,14-16 lb,USD/kg
2026-09-14,5.196095540045087,5.892683872021229,6.634076246034784,Brazil HON|14-16 lb,Ensemble Naive+Prophet,Brazil HON,14-16 lb,USD/kg
2026-09-21,5.235528550921937,5.759851530190723,6.685769539078209,Brazil HON|14-16 lb,Ensemble Naive+Prophet,Brazil HON,14-16 lb,USD/kg
2026-09-28,5.098933471203812,5.726255634696495,6.510689669446775,Brazil HON|14-16 lb,Ensemble Naive+Prophet,Brazil HON,14-16 lb,USD/kg
2026-10-05,4.918656109216074,5.682439965331442,6.357155353267323,Brazil HON|14-16 lb,Ensemble Naive+Prophet,Brazil HON,14-16 lb,USD/kg
2026-10-12,4.954187038910023,5.917897869724358,6.319055647462534,Brazil HON|14-16 lb,Ensemble Naive+Prophet,Brazil HON,14-16 lb,USD/kg
2026-10-19,5.096147004960091,5.8694671144708535,6.480393208160583,Brazil HON|14-16 lb,Ensemble Naive+Prophet,Brazil HON,14-16 lb,USD/kg
2026-10-26,5.254681155677594,5.808013871056804,6.669536066790363,Brazil HON|14-16 lb,Ensemble Naive+Prophet,Brazil HON,14-16 lb,USD/kg
2026-11-02,5.339909948137958,5.944459844307996,6.791406514811266,Brazil HON|14-16 lb,Ensemble Naive+Prophet,Brazil HON,14-16 lb,USD/kg
2026-11-09,5.3344136392184245,5.960319712484886,6.801830765363547,Brazil HON|14-16 lb,Ensemble Naive+Prophet,Brazil HON,14-16 lb,USD/kg
2026-11-16,5.173836865211347,6.023260389967947,6.612715068219538,Brazil HON|14-16 lb,Ensemble Naive+Prophet,Brazil HON,14-16 lb,USD/kg
2026-11-23,5.263839321667097,6.259424223658876,6.6728646703872965,Brazil HON|14-16 lb,Ensemble Naive+Prophet,Brazil HON,14-16 lb,USD/kg
2026-11-30,5.379435703428042,6.213053218602697,6.7986004625312,Brazil HON|14-16 lb,Ensemble Naive+Prophet,Brazil HON,14-16 lb,USD/kg
2026-12-07,5.521171453364975,6.102126429066356,6.825819017226962,Brazil HON|14-16 lb,Ensemble Naive+Prophet,Brazil HON,14-16 lb,USD/kg
2026-12-14,5.673409380291984,6.094913597665983,7.06303951616774,Brazil HON|14-16 lb,Ensemble Naive+Prophet,Brazil HON,14-16 lb,USD/kg
2026-12-21,5.912066966793499,6.16322147717583,7.274919459940642,Brazil HON|14-16 lb,Ensemble Naive+Prophet,Brazil HON,14-16 lb,USD/kg
2026-12-28,6.212757306806001,6.2618024810685675,7.566475748174408,Brazil HON|14-16 lb,Ensemble Naive+Prophet,Brazil HON,14-16 lb,USD/kg
2027-01-04,6.506470555143445,6.753142118129263,7.9284767603911055,Brazil HON|14-16 lb,Ensemble Naive+Prophet,Brazil HON,14-16 lb,USD/kg
2027-01-11,6.608234379527216,6.928352739664087,7.994907285248032,Brazil HON|14-16 lb,Ensemble Naive+Prophet,Brazil HON,14-16 lb,USD/kg
2027-01-18,6.522240876789819,7.151886782604679,7.896177861432513,Brazil HON|14-16 lb,Ensemble Naive+Prophet,Brazil HON,14-16 lb,USD/kg
2027-01-25,6.314863333868882,7.609143427131893,7.747145483296303,Brazil HON|14-16 lb,Ensemble Naive+Prophet,Brazil HON,14-16 lb,USD/kg
2027-02-01,6.305149590598075,7.407977723285803,7.735165913586806,Brazil HON|14-16 lb,Ensemble Naive+Prophet,Brazil HON,14-16 lb,USD/kg
2027-02-08,6.409366919830138,7.196340337757437,7.7507945518649715,Brazil HON|14-16 lb,Ensemble Naive+Prophet,Brazil HON,14-16 lb,USD/kg
2027-02-15,6.480276553177563,7.037978145773362,7.782346113023673,Brazil HON|14-16 lb,Ensemble Naive+Prophet,Brazil HON,14-16 lb,USD/kg
2027-02-22,6.536642497647582,6.788041902049892,7.992220700702751,Brazil HON|14-16 lb,Ensemble Naive+Prophet,Brazil HON,14-16 lb,USD/kg
2027-03-01,6.762292019514225,6.787547819035433,8.151871185497269,Brazil HON|14-16 lb,Ensemble Naive+Prophet,Brazil HON,14-16 lb,USD/kg
2027-03-08,6.964410889929415,7.0548568870969,8.399720609563186,Brazil HON|14-16 lb,Ensemble Naive+Prophet,Brazil HON,14-16 lb,USD/kg
2027-03-15,7.257227686824652,7.563626296836969,8.723255247092602,Brazil HON|14-16 lb,Ensemble Naive+Prophet,Brazil HON,14-16 lb,USD/kg
2027-03-22,7.414945503117138,7.637001114056666,8.819171447484074,Brazil HON|14-16 lb,Ensemble Naive+Prophet,Brazil HON,14-16 lb,USD/kg
2027-03-29,7.29017726903134,8.583210543570113,8.65569919663724,Brazil HON|14-16 lb,Ensemble Naive+Prophet,Brazil HON,14-16 lb,USD/kg
2027-04-05,6.938782446348567,7.902560355808561,8.322046325349008,Brazil HON|14-16 lb,Ensemble Naive+Prophet,Brazil HON,14-16 lb,USD/kg
2027-04-12,6.649666988348947,7.784673807357686,8.038253574419105,Brazil HON|14-16 lb,Ensemble Naive+Prophet,Brazil HON,14-16 lb,USD/kg
2027-04-19,6.493659393660353,7.6627466899235674,7.899953032332488,Brazil HON|14-16 lb,Ensemble Naive+Prophet,Brazil HON,14-16 lb,USD/kg
2027-04-26,6.569548861387605,7.457200469629685,7.95969873815089,Brazil HON|14-16 lb,Ensemble Naive+Prophet,Brazil HON,14-16 lb,USD/kg
2027-05-03,6.615347963043997,7.23718900647339,7.973683964345589,Brazil HON|14-16 lb,Ensemble Naive+Prophet,Brazil HON,14-16 lb,USD/kg
2027-05-10,6.564253706773986,7.353544016930114,7.953623854711537,Brazil HON|14-16 lb,Ensemble Naive+Prophet,Brazil HON,14-16 lb,USD/kg
2027-05-17,6.345939048120093,7.150780792444468,7.718694951119289,Brazil HON|14-16 lb,Ensemble Naive+Prophet,Brazil HON,14-16 lb,USD/kg
2027-05-24,6.023467906777556,6.9608416213670115,7.378762740222973,Brazil HON|14-16 lb,Ensemble Naive+Prophet,Brazil HON,14-16 lb,USD/kg
2027-05-31,5.783417490302181,6.653800869467969,7.081794904541659,Brazil HON|14-16 lb,Ensemble Naive+Prophet,Brazil HON,14-16 lb,USD/kg
2027-06-07,5.454064351012372,6.560147018253501,6.819326703347202,Brazil HON|14-16 lb,Ensemble Naive+Prophet,Brazil HON,14-16 lb,USD/kg
2027-06-14,5.330496105284067,6.3918033993114705,6.674753839225638,Brazil HON|14-16 lb,Ensemble Naive+Prophet,Brazil HON,14-16 lb,USD/kg
2027-06-21,5.400464664013255,6.397578433012793,6.767650611437604,Brazil HON|14-16 lb,Ensemble Naive+Prophet,Brazil HON,14-16 lb,USD/kg
2027-06-28,5.502159644320554,6.468193400578825,6.949582818529262,Brazil HON|14-16 lb,Ensemble Naive+Prophet,Brazil HON,14-16 lb,USD/kg
2027-07-05,5.665188228925821,6.43620804216134,7.024990244242369,Brazil HON|14-16 lb,Ensemble Naive+Prophet,Brazil HON,14-16 lb,USD/kg
2027-07-12,5.566977133241788,6.484129894727274,6.96403579211065,Brazil HON|14-16 lb,Ensemble Naive+Prophet,Brazil HON,14-16 lb,USD/kg
2027-07-19,5.390402583994253,6.475198654772543,6.78174914460025,Brazil HON|14-16 lb,Ensemble Naive+Prophet,Brazil HON,14-16 lb,USD/kg
2027-07-26,5.21368676325528,6.164576501902612,6.589495060517415,Brazil HON|14-16 lb,Ensemble Naive+Prophet,Brazil HON,14-16 lb,USD/kg
2027-08-02,5.110996979248437,6.129672784730179,6.5173481143755,Brazil HON|14-16 lb,Ensemble Naive+Prophet,Brazil HON,14-16 lb,USD/kg
2027-08-09,5.054860906947091,6.079425506387269,6.454840904000177,Brazil HON|14-16 lb,Ensemble Naive+Prophet,Brazil HON,14-16 lb,USD/kg
2027-08-16,4.888616842035177,5.980881791206798,6.351517913651772,Brazil HON|14-16 lb,Ensemble Naive+Prophet,Brazil HON,14-16 lb,USD/kg
2027-08-23,4.736404173985009,5.628579133940001,6.09393827946284,Brazil HON|14-16 lb,Ensemble Naive+Prophet,Brazil HON,14-16 lb,USD/kg
2027-08-30,4.603717113412938,5.591559535949485,6.014484764963096,Brazil HON|14-16 lb,Ensemble Naive+Prophet,Brazil HON,14-16 lb,USD/kg
2027-09-06,4.680412076976477,5.660683854663526,6.05256397236533,Brazil HON|14-16 lb,Ensemble Naive+Prophet,Brazil HON,14-16 lb,USD/kg
2027-09-13,4.891297261629623,5.730623614884735,6.2921205714757615,Brazil HON|14-16 lb,Ensemble Naive+Prophet,Brazil HON,14-16 lb,USD/kg
2027-09-20,4.97609854386831,5.614483534872131,6.335271285160972,Brazil HON|14-16 lb,Ensemble Naive+Prophet,Brazil HON,14-16 lb,USD/kg
2027-09-27,4.899598710448707,5.5953959947749095,6.265721693295733,Brazil HON|14-16 lb,Ensemble Naive+Prophet,Brazil HON,14-16 lb,USD/kg
2026-04-06,5.91824620315875,6.391414500762481,6.612012230947851,USA Fillet|2/3,Ensemble Naive+Prophet,USA Fillet,2/3,USD/lb
2026-04-13,5.914951948688522,6.417886968545738,6.62561409925022,USA Fillet|2/3,Ensemble Naive+Prophet,USA Fillet,2/3,USD/lb
2026-04-20,5.914828592674955,6.360797208118184,6.616653945720679,USA Fillet|2/3,Ensemble Naive+Prophet,USA Fillet,2/3,USD/lb
2026-04-27,5.948709402856594,6.351338942516555,6.687170624285937,USA Fillet|2/3,Ensemble Naive+Prophet,USA Fillet,2/3,USD/lb
2026-05-04,5.976638349636442,6.4430063561728605,6.723299540781846,USA Fillet|2/3,Ensemble Naive+Prophet,USA Fillet,2/3,USD/lb
2026-05-11,5.918342003217084,6.4274066074573515,6.67903163631675,USA Fillet|2/3,Ensemble Naive+Prophet,USA Fillet,2/3,USD/lb
2026-05-18,5.874128532493676,6.513610247209353,6.602798017080889,USA Fillet|2/3,Ensemble Naive+Prophet,USA Fillet,2/3,USD/lb
2026-05-25,5.728131201874637,6.519371949060671,6.496215639399453,USA Fillet|2/3,Ensemble Naive+Prophet,USA Fillet,2/3,USD/lb
2026-06-01,5.632178362261931,6.324258998935912,6.353777245821039,USA Fillet|2/3,Ensemble Naive+Prophet,USA Fillet,2/3,USD/lb
2026-06-08,5.459580728074634,6.15328313893263,6.203241192233542,USA Fillet|2/3,Ensemble Naive+Prophet,USA Fillet,2/3,USD/lb
2026-06-15,5.307508753826528,6.023174536660196,6.013931150578847,USA Fillet|2/3,Ensemble Naive+Prophet,USA Fillet,2/3,USD/lb
2026-06-22,5.1231287951919064,5.763434452916647,5.883438715632752,USA Fillet|2/3,Ensemble Naive+Prophet,USA Fillet,2/3,USD/lb
2026-06-29,5.010192372795378,5.568321363481631,5.731962266304663,USA Fillet|2/3,Ensemble Naive+Prophet,USA Fillet,2/3,USD/lb
2026-07-06,4.886669263657255,5.424335976961318,5.623797098104682,USA Fillet|2/3,Ensemble Naive+Prophet,USA Fillet,2/3,USD/lb
2026-07-13,4.8878010344233935,5.478021003793179,5.616420249275201,USA Fillet|2/3,Ensemble Naive+Prophet,USA Fillet,2/3,USD/lb
2026-07-20,4.891078698860293,5.4202734218412045,5.585451428565923,USA Fillet|2/3,Ensemble Naive+Prophet,USA Fillet,2/3,USD/lb
2026-07-27,4.965840452607112,5.361933176779716,5.669611577817354,USA Fillet|2/3,Ensemble Naive+Prophet,USA Fillet,2/3,USD/lb
2026-08-03,4.9848945064788355,5.358994167145586,5.683165622616983,USA Fillet|2/3,Ensemble Naive+Prophet,USA Fillet,2/3,USD/lb
2026-08-10,4.980867675418274,5.353368465139539,5.732032985054543,USA Fillet|2/3,Ensemble Naive+Prophet,USA Fillet,2/3,USD/lb
2026-08-17,4.948128081725843,5.292091563210343,5.686966545689104,USA Fillet|2/3,Ensemble Naive+Prophet,USA Fillet,2/3,USD/lb
2026-08-24,4.857021417697199,5.252463417960734,5.623716192579361,USA Fillet|2/3,Ensemble Naive+Prophet,USA Fillet,2/3,USD/lb
2026-08-31,4.827452318976233,5.206033519697671,5.58563515571261,USA Fillet|2/3,Ensemble Naive+Prophet,USA Fillet,2/3,USD/lb
2026-09-07,4.857213840655123,5.225365629102713,5.596968403598846,USA Fillet|2/3,Ensemble Naive+Prophet,USA Fillet,2/3,USD/lb
2026-09-14,4.959388155939268,5.2457028512027275,5.709684367830955,USA Fillet|2/3,Ensemble Naive+Prophet,USA Fillet,2/3,USD/lb
2026-09-21,5.019412937879984,5.304881787991371,5.7562866175504555,USA Fillet|2/3,Ensemble Naive+Prophet,USA Fillet,2/3,USD/lb
2026-09-28,5.013235018270444,5.284090430379355,5.724294296872801,USA Fillet|2/3,Ensemble Naive+Prophet,USA Fillet,2/3,USD/lb
2026-10-05,4.932855661305169,5.261612977178209,5.632872985535454,USA Fillet|2/3,Ensemble Naive+Prophet,USA Fillet,2/3,USD/lb
2026-10-12,4.86933231083077,5.357585797733856,5.599051509538288,USA Fillet|2/3,Ensemble Naive+Prophet,USA Fillet,2/3,USD/lb
2026-10-19,4.902702753384055,5.303510176520076,5.6218128677876384,USA Fillet|2/3,Ensemble Naive+Prophet,USA Fillet,2/3,USD/lb
2026-10-26,4.939798498700135,5.3279896164433875,5.6592666582173665,USA Fillet|2/3,Ensemble Naive+Prophet,USA Fillet,2/3,USD/lb
2026-11-02,4.960470612858893,5.245531122600795,5.689121763483161,USA Fillet|2/3,Ensemble Naive+Prophet,USA Fillet,2/3,USD/lb
2026-11-09,4.928252736427576,5.208715018170938,5.70306142322548,USA Fillet|2/3,Ensemble Naive+Prophet,USA Fillet,2/3,USD/lb
2026-11-16,4.938573799380364,5.201451250599392,5.649602073744114,USA Fillet|2/3,Ensemble Naive+Prophet,USA Fillet,2/3,USD/lb
2026-11-23,4.904109401884366,5.359053893737446,5.650757617910299,USA Fillet|2/3,Ensemble Naive+Prophet,USA Fillet,2/3,USD/lb
2026-11-30,4.902045089892846,5.332424715341684,5.659416257569692,USA Fillet|2/3,Ensemble Naive+Prophet,USA Fillet,2/3,USD/lb
2026-12-07,4.97693045570293,5.308868890572124,5.711145152623753,USA Fillet|2/3,Ensemble Naive+Prophet,USA Fillet,2/3,USD/lb
2026-12-14,5.113289361480495,5.337489169712697,5.836292852629762,USA Fillet|2/3,Ensemble Naive+Prophet,USA Fillet,2/3,USD/lb
2026-12-21,5.215950124425438,5.43974649413251,5.969447532017031,USA Fillet|2/3,Ensemble Naive+Prophet,USA Fillet,2/3,USD/lb
2026-12-28,5.399374948213485,5.49593674165223,6.151690345247219,USA Fillet|2/3,Ensemble Naive+Prophet,USA Fillet,2/3,USD/lb
2027-01-04,5.536951205013553,5.647677141210398,6.255579413895867,USA Fillet|2/3,Ensemble Naive+Prophet,USA Fillet,2/3,USD/lb
2027-01-11,5.595038070120064,5.902231735901768,6.338038228364554,USA Fillet|2/3,Ensemble Naive+Prophet,USA Fillet,2/3,USD/lb
2027-01-18,5.649960964113235,6.150992093471399,6.400459796932238,USA Fillet|2/3,Ensemble Naive+Prophet,USA Fillet,2/3,USD/lb
2027-01-25,5.691341745298199,6.334857579176317,6.457487668712743,USA Fillet|2/3,Ensemble Naive+Prophet,USA Fillet,2/3,USD/lb
2027-02-01,5.811185903855317,6.378788921169036,6.58514087898192,USA Fillet|2/3,Ensemble Naive+Prophet,USA Fillet,2/3,USD/lb
2027-02-08,5.970863614059657,6.422275021823444,6.686964495452051,USA Fillet|2/3,Ensemble Naive+Prophet,USA Fillet,2/3,USD/lb
2027-02-15,6.023673911275374,6.2304911570156225,6.760856931620256,USA Fillet|2/3,Ensemble Naive+Prophet,USA Fillet,2/3,USD/lb
2027-02-22,6.05378884953458,6.123583046779044,6.788004624864891,USA Fillet|2/3,Ensemble Naive+Prophet,USA Fillet,2/3,USD/lb
2027-03-01,6.043553178367717,6.109591583555863,6.734429478559331,USA Fillet|2/3,Ensemble Naive+Prophet,USA Fillet,2/3,USD/lb
2027-03-08,5.994402077852993,6.2455253642119875,6.758499452835681,USA Fillet|2/3,Ensemble Naive+Prophet,USA Fillet,2/3,USD/lb
2027-03-15,6.013768307771386,6.403639386148121,6.733519665609857,USA Fillet|2/3,Ensemble Naive+Prophet,USA Fillet,2/3,USD/lb
2027-03-22,5.929928954811004,6.386451453877454,6.66744050063861,USA Fillet|2/3,Ensemble Naive+Prophet,USA Fillet,2/3,USD/lb
2027-03-29,5.854852479599632,6.476491742859184,6.610500840402907,USA Fillet|2/3,Ensemble Naive+Prophet,USA Fillet,2/3,USD/lb
2027-04-05,5.797649981535877,6.332188831171375,6.543681319663591,USA Fillet|2/3,Ensemble Naive+Prophet,USA Fillet,2/3,USD/lb
2027-04-12,5.769104403089965,6.353825171477194,6.500914435964356,USA Fillet|2/3,Ensemble Naive+Prophet,USA Fillet,2/3,USD/lb
2027-04-19,5.752405113129454,6.293153556173804,6.53057026313978,USA Fillet|2/3,Ensemble Naive+Prophet,USA Fillet,2/3,USD/lb
2027-04-26,5.797565071427537,6.284144367932683,6.571027199450451,USA Fillet|2/3,Ensemble Naive+Prophet,USA Fillet,2/3,USD/lb
2027-05-03,5.8458558497369975,6.3795896066088345,6.570406590839364,USA Fillet|2/3,Ensemble Naive+Prophet,USA Fillet,2/3,USD/lb
2027-05-10,5.782098451399241,6.368343449696802,6.53717755649576,USA Fillet|2/3,Ensemble Naive+Prophet,USA Fillet,2/3,USD/lb
2027-05-17,5.736029643379038,6.457778124211934,6.462171666667204,USA Fillet|2/3,Ensemble Naive+Prophet,USA Fillet,2/3,USD/lb
2027-05-24,5.655867740385433,6.466037990866196,6.381318639047716,USA Fillet|2/3,Ensemble Naive+Prophet,USA Fillet,2/3,USD/lb
2027-05-31,5.506931047572759,6.273458331666394,6.233668746226237,USA Fillet|2/3,Ensemble Naive+Prophet,USA Fillet,2/3,USD/lb
2027-06-07,5.3770507904978375,6.104516318848828,6.1120483234955625,USA Fillet|2/3,Ensemble Naive+Prophet,USA Fillet,2/3,USD/lb
2027-06-14,5.207036682165469,5.974685195229897,5.921542137747966,USA Fillet|2/3,Ensemble Naive+Prophet,USA Fillet,2/3,USD/lb
2027-06-21,5.016546478632494,5.713185852736599,5.775087793963075,USA Fillet|2/3,Ensemble Naive+Prophet,USA Fillet,2/3,USD/lb
2027-06-28,4.8824329037523615,5.5152102199474795,5.61529107356323,USA Fillet|2/3,Ensemble Naive+Prophet,USA Fillet,2/3,USD/lb
2027-07-05,4.812223020531141,5.367949778388169,5.527219525969466,USA Fillet|2/3,Ensemble Naive+Prophet,USA Fillet,2/3,USD/lb
2027-07-12,4.7454877876841435,5.417656500020521,5.493291486078765,USA Fillet|2/3,Ensemble Naive+Prophet,USA Fillet,2/3,USD/lb
2027-07-19,4.736726556571566,5.3553528229695235,5.491024201308162,USA Fillet|2/3,Ensemble Naive+Prophet,USA Fillet,2/3,USD/lb
2027-07-26,4.779422445045395,5.293950330423783,5.549193190547635,USA Fillet|2/3,Ensemble Naive+Prophet,USA Fillet,2/3,USD/lb
2027-08-02,4.823866534440157,5.292202980123834,5.58210624007748,USA Fillet|2/3,Ensemble Naive+Prophet,USA Fillet,2/3,USD/lb
2027-08-09,4.871702083832807,5.291997071861756,5.58772362477155,USA Fillet|2/3,Ensemble Naive+Prophet,USA Fillet,2/3,USD/lb
2027-08-16,4.82264468097183,5.236091311413784,5.562949806822168,USA Fillet|2/3,Ensemble Naive+Prophet,USA Fillet,2/3,USD/lb
2027-08-23,4.76010059532795,5.196606415082476,5.488166736849538,USA Fillet|2/3,Ensemble Naive+Prophet,USA Fillet,2/3,USD/lb
2027-08-30,4.716522238997694,5.144363864477095,5.421474483542376,USA Fillet|2/3,Ensemble Naive+Prophet,USA Fillet,2/3,USD/lb
2027-09-06,4.754543169156482,5.15706030793047,5.4656067817600675,USA Fillet|2/3,Ensemble Naive+Prophet,USA Fillet,2/3,USD/lb
2027-09-13,4.839572976466809,5.176186590452563,5.547742922724182,USA Fillet|2/3,Ensemble Naive+Prophet,USA Fillet,2/3,USD/lb
2027-09-20,4.884391399935454,5.240683467306443,5.62091602092388,USA Fillet|2/3,Ensemble Naive+Prophet,USA Fillet,2/3,USD/lb
2027-09-27,4.844164088744384,5.2266009471343216,5.633483497169884,USA Fillet|2/3,Ensemble Naive+Prophet,USA Fillet,2/3,USD/lb
2026-04-06,5.988581566468175,6.475968631510028,6.730724013087416,USA Fillet|3/4,Ensemble Naive+Prophet,USA Fillet,3/4,USD/lb
2026-04-13,5.991432795242914,6.462319398862016,6.6954110206036646,USA Fillet|3/4,Ensemble Naive+Prophet,USA Fillet,3/4,USD/lb
2026-04-20,5.9720195133207845,6.430593888421875,6.711608708083499,USA Fillet|3/4,Ensemble Naive+Prophet,USA Fillet,3/4,USD/lb
2026-04-27,5.9841667636654625,6.4159990312772734,6.7055289969811325,USA Fillet|3/4,Ensemble Naive+Prophet,USA Fillet,3/4,USD/lb
2026-05-04,5.944564757548741,6.575386753507411,6.721789109613505,USA Fillet|3/4,Ensemble Naive+Prophet,USA Fillet,3/4,USD/lb
2026-05-11,5.956867371432243,6.5463741013223995,6.686419567643157,USA Fillet|3/4,Ensemble Naive+Prophet,USA Fillet,3/4,USD/lb
2026-05-18,5.88189546943006,6.551447615884502,6.600267388654032,USA Fillet|3/4,Ensemble Naive+Prophet,USA Fillet,3/4,USD/lb
2026-05-25,5.805917103681259,6.514480688008171,6.561477429244376,USA Fillet|3/4,Ensemble Naive+Prophet,USA Fillet,3/4,USD/lb
2026-06-01,5.687938546221291,6.335460546138032,6.445544872553529,USA Fillet|3/4,Ensemble Naive+Prophet,USA Fillet,3/4,USD/lb
2026-06-08,5.548021005797267,6.188701060905265,6.259687072263902,USA Fillet|3/4,Ensemble Naive+Prophet,USA Fillet,3/4,USD/lb
2026-06-15,5.343708777536084,6.074555967683809,6.082708819229631,USA Fillet|3/4,Ensemble Naive+Prophet,USA Fillet,3/4,USD/lb
2026-06-22,5.166765426144317,5.8608563999569725,5.933570493064319,USA Fillet|3/4,Ensemble Naive+Prophet,USA Fillet,3/4,USD/lb
2026-06-29,5.097133569935432,5.652259143045572,5.803068517997664,USA Fillet|3/4,Ensemble Naive+Prophet,USA Fillet,3/4,USD/lb
2026-07-06,5.02068094977467,5.572704897685606,5.7320091366347095,USA Fillet|3/4,Ensemble Naive+Prophet,USA Fillet,3/4,USD/lb
2026-07-13,4.962834340392016,5.585091956660927,5.726425995515754,USA Fillet|3/4,Ensemble Naive+Prophet,USA Fillet,3/4,USD/lb
2026-07-20,5.004766822951455,5.594880876237587,5.707527100650885,USA Fillet|3/4,Ensemble Naive+Prophet,USA Fillet,3/4,USD/lb
2026-07-27,5.049739773383463,5.487495976931653,5.756160983827311,USA Fillet|3/4,Ensemble Naive+Prophet,USA Fillet,3/4,USD/lb
2026-08-03,5.06995062341493,5.474242535460378,5.815117032923394,USA Fillet|3/4,Ensemble Naive+Prophet,USA Fillet,3/4,USD/lb
2026-08-10,5.063781243785378,5.436718089262208,5.832171554179395,USA Fillet|3/4,Ensemble Naive+Prophet,USA Fillet,3/4,USD/lb
2026-08-17,5.00895886187806,5.3782462497232775,5.71483319599212,USA Fillet|3/4,Ensemble Naive+Prophet,USA Fillet,3/4,USD/lb
2026-08-24,4.91853653534599,5.351595723216346,5.653248603209877,USA Fillet|3/4,Ensemble Naive+Prophet,USA Fillet,3/4,USD/lb
2026-08-31,4.8668033188150135,5.277989994849078,5.5995472503966415,USA Fillet|3/4,Ensemble Naive+Prophet,USA Fillet,3/4,USD/lb
2026-09-07,4.918126784776716,5.292052221681258,5.615823009825008,USA Fillet|3/4,Ensemble Naive+Prophet,USA Fillet,3/4,USD/lb
2026-09-14,4.947560540312649,5.296838054187113,5.674651942765856,USA Fillet|3/4,Ensemble Naive+Prophet,USA Fillet,3/4,USD/lb
2026-09-21,5.018246914115949,5.323179832948174,5.731518278564412,USA Fillet|3/4,Ensemble Naive+Prophet,USA Fillet,3/4,USD/lb
2026-09-28,4.971159687740482,5.297668158367661,5.730464547575869,USA Fillet|3/4,Ensemble Naive+Prophet,USA Fillet,3/4,USD/lb
2026-10-05,4.892351031806515,5.272383371093898,5.615431156838767,USA Fillet|3/4,Ensemble Naive+Prophet,USA Fillet,3/4,USD/lb
2026-10-12,4.881818415837751,5.388571268483936,5.599010512186507,USA Fillet|3/4,Ensemble Naive+Prophet,USA Fillet,3/4,USD/lb
2026-10-19,4.907254093783088,5.358515375742497,5.604399836207577,USA Fillet|3/4,Ensemble Naive+Prophet,USA Fillet,3/4,USD/lb
2026-10-26,4.971051874296794,5.34196802260879,5.713756347783794,USA Fillet|3/4,Ensemble Naive+Prophet,USA Fillet,3/4,USD/lb
2026-11-02,4.983461633996855,5.289361108769352,5.729621322320071,USA Fillet|3/4,Ensemble Naive+Prophet,USA Fillet,3/4,USD/lb
2026-11-09,4.984112085706157,5.238106070071704,5.710957455198896,USA Fillet|3/4,Ensemble Naive+Prophet,USA Fillet,3/4,USD/lb
2026-11-16,4.905280973890389,5.215755029253025,5.655471202579168,USA Fillet|3/4,Ensemble Naive+Prophet,USA Fillet,3/4,USD/lb
2026-11-23,4.90440101964946,5.37252919333398,5.62161194428676,USA Fillet|3/4,Ensemble Naive+Prophet,USA Fillet,3/4,USD/lb
2026-11-30,4.924047502138412,5.3720532701948365,5.671067138354185,USA Fillet|3/4,Ensemble Naive+Prophet,USA Fillet,3/4,USD/lb
2026-12-07,5.055942291257906,5.375536522620106,5.76646674626358,USA Fillet|3/4,Ensemble Naive+Prophet,USA Fillet,3/4,USD/lb
2026-12-14,5.1796942444979885,5.369149722341145,5.9093798900703005,USA Fillet|3/4,Ensemble Naive+Prophet,USA Fillet,3/4,USD/lb
2026-12-21,5.334040469493492,5.420807132310745,6.078014889772807,USA Fillet|3/4,Ensemble Naive+Prophet,USA Fillet,3/4,USD/lb
2026-12-28,5.439731247410812,5.551470559713797,6.175763467777718,USA Fillet|3/4,Ensemble Naive+Prophet,USA Fillet,3/4,USD/lb
2027-01-04,5.559510459056725,5.653429871085058,6.306586441475145,USA Fillet|3/4,Ensemble Naive+Prophet,USA Fillet,3/4,USD/lb
2027-01-11,5.605358697177548,5.900952622743662,6.348967911945834,USA Fillet|3/4,Ensemble Naive+Prophet,USA Fillet,3/4,USD/lb
2027-01-18,5.674446159256671,6.179234760191575,6.4130758427580155,USA Fillet|3/4,Ensemble Naive+Prophet,USA Fillet,3/4,USD/lb
2027-01-25,5.739760128736013,6.3623767765204855,6.483479052384271,USA Fillet|3/4,Ensemble Naive+Prophet,USA Fillet,3/4,USD/lb
2027-02-01,5.819776078875201,6.385794638631878,6.541499606108501,USA Fillet|3/4,Ensemble Naive+Prophet,USA Fillet,3/4,USD/lb
2027-02-08,5.876222889343007,6.409540116101153,6.605077055283593,USA Fillet|3/4,Ensemble Naive+Prophet,USA Fillet,3/4,USD/lb
2027-02-15,5.90722980718596,6.23105002772306,6.6811519697367245,USA Fillet|3/4,Ensemble Naive+Prophet,USA Fillet,3/4,USD/lb
2027-02-22,5.996709623755049,6.166900163364588,6.7144193464940845,USA Fillet|3/4,Ensemble Naive+Prophet,USA Fillet,3/4,USD/lb
2027-03-01,6.057449685768431,6.165417719459255,6.778769417922026,USA Fillet|3/4,Ensemble Naive+Prophet,USA Fillet,3/4,USD/lb
2027-03-08,6.0452042825027394,6.29205917093433,6.765218759579868,USA Fillet|3/4,Ensemble Naive+Prophet,USA Fillet,3/4,USD/lb
2027-03-15,6.0236118026988645,6.399933601424392,6.7676912745206925,USA Fillet|3/4,Ensemble Naive+Prophet,USA Fillet,3/4,USD/lb
2027-03-22,5.972576821738897,6.453000362402164,6.715675116175902,USA Fillet|3/4,Ensemble Naive+Prophet,USA Fillet,3/4,USD/lb
2027-03-29,5.915584398894764,6.585744732128019,6.65999402133007,USA Fillet|3/4,Ensemble Naive+Prophet,USA Fillet,3/4,USD/lb
2027-04-05,5.87153724237768,6.405596768992513,6.590562843981858,USA Fillet|3/4,Ensemble Naive+Prophet,USA Fillet,3/4,USD/lb
2027-04-12,5.8175978671911865,6.389359027329896,6.527928487857991,USA Fillet|3/4,Ensemble Naive+Prophet,USA Fillet,3/4,USD/lb
2027-04-19,5.81125758224883,6.355928244685568,6.530771413523654,USA Fillet|3/4,Ensemble Naive+Prophet,USA Fillet,3/4,USD/lb
2027-04-26,5.815094139670872,6.341527107865802,6.569098783009778,USA Fillet|3/4,Ensemble Naive+Prophet,USA Fillet,3/4,USD/lb
2027-05-03,5.817380045859535,6.50243460584854,6.587173336838025,USA Fillet|3/4,Ensemble Naive+Prophet,USA Fillet,3/4,USD/lb
2027-05-10,5.792828849885446,6.475326623636471,6.530623252744245,USA Fillet|3/4,Ensemble Naive+Prophet,USA Fillet,3/4,USD/lb
2027-05-17,5.722719031894497,6.4827524875354925,6.472062586901062,USA Fillet|3/4,Ensemble Naive+Prophet,USA Fillet,3/4,USD/lb
2027-05-24,5.710921434190388,6.449284348686676,6.426743894940585,USA Fillet|3/4,Ensemble Naive+Prophet,USA Fillet,3/4,USD/lb
2027-05-31,5.597842938464395,6.274597297120619,6.274613308285393,USA Fillet|3/4,Ensemble Naive+Prophet,USA Fillet,3/4,USD/lb
2027-06-07,5.404131673421942,6.1310764638017945,6.142077888062277,USA Fillet|3/4,Ensemble Naive+Prophet,USA Fillet,3/4,USD/lb
2027-06-14,5.207903569780476,6.017086932747015,5.982717938205022,USA Fillet|3/4,Ensemble Naive+Prophet,USA Fillet,3/4,USD/lb
2027-06-21,5.0708599035779445,5.800409389503581,5.791944164114435,USA Fillet|3/4,Ensemble Naive+Prophet,USA Fillet,3/4,USD/lb
2027-06-28,4.935421544221338,5.587556771706357,5.689081351319759,USA Fillet|3/4,Ensemble Naive+Prophet,USA Fillet,3/4,USD/lb
2027-07-05,4.843228491870427,5.504201265785072,5.609497587328987,USA Fillet|3/4,Ensemble Naive+Prophet,USA Fillet,3/4,USD/lb
2027-07-12,4.823474207453004,5.513437894990252,5.568202806255666,USA Fillet|3/4,Ensemble Naive+Prophet,USA Fillet,3/4,USD/lb
2027-07-19,4.857590671566229,5.520390932671306,5.597384045671417,USA Fillet|3/4,Ensemble Naive+Prophet,USA Fillet,3/4,USD/lb
2027-07-26,4.868345736623472,5.411453499280336,5.6017026043307405,USA Fillet|3/4,Ensemble Naive+Prophet,USA Fillet,3/4,USD/lb
2027-08-02,4.900786529845978,5.399860540051704,5.651160690821573,USA Fillet|3/4,Ensemble Naive+Prophet,USA Fillet,3/4,USD/lb
2027-08-09,4.916755012719165,5.367323974029443,5.620717247165353,USA Fillet|3/4,Ensemble Naive+Prophet,USA Fillet,3/4,USD/lb
2027-08-16,4.866551419989647,5.3137304285789675,5.629806351426358,USA Fillet|3/4,Ensemble Naive+Prophet,USA Fillet,3/4,USD/lb
2027-08-23,4.807152991755135,5.287244542635207,5.510378407731149,USA Fillet|3/4,Ensemble Naive+Prophet,USA Fillet,3/4,USD/lb
2027-08-30,4.730877638779353,5.208122118606072,5.448259385328049,USA Fillet|3/4,Ensemble Naive+Prophet,USA Fillet,3/4,USD/lb
2027-09-06,4.74396906112273,5.2155488116010975,5.456798413106543,USA Fillet|3/4,Ensemble Naive+Prophet,USA Fillet,3/4,USD/lb
2027-09-13,4.814052080177084,5.2187608694482135,5.548052076581758,USA Fillet|3/4,Ensemble Naive+Prophet,USA Fillet,3/4,USD/lb
2027-09-20,4.839314282268853,5.250175440548347,5.583025836587677,USA Fillet|3/4,Ensemble Naive+Prophet,USA Fillet,3/4,USD/lb
2027-09-27,4.8532998912142284,5.23146555364365,5.6102714785362044,USA Fillet|3/4,Ensemble Naive+Prophet,USA Fillet,3/4,USD/lb
2026-04-06,6.12368263091956,6.540722313609606,6.829994436912048,USA Fillet|4/5,Ensemble Naive+Prophet,USA Fillet,4/5,USD/lb
2026-04-13,6.0945234137621345,6.573442180358766,6.794463833006632,USA Fillet|4/5,Ensemble Naive+Prophet,USA Fillet,4/5,USD/lb
2026-04-20,6.060653689229183,6.537729872666631,6.7915209351910715,USA Fillet|4/5,Ensemble Naive+Prophet,USA Fillet,4/5,USD/lb
2026-04-27,6.080647779364952,6.5023837920012095,6.782592440012793,USA Fillet|4/5,Ensemble Naive+Prophet,USA Fillet,4/5,USD/lb
2026-05-04,6.057506577526437,6.657614483310382,6.762020114567598,USA Fillet|4/5,Ensemble Naive+Prophet,USA Fillet,4/5,USD/lb
2026-05-11,6.040793730121643,6.641411399909071,6.7627882148200955,USA Fillet|4/5,Ensemble Naive+Prophet,USA Fillet,4/5,USD/lb
2026-05-18,5.996646409456483,6.64533240508851,6.746955170098509,USA Fillet|4/5,Ensemble Naive+Prophet,USA Fillet,4/5,USD/lb
2026-05-25,5.92770630328089,6.6373276895224915,6.64640291731808,USA Fillet|4/5,Ensemble Naive+Prophet,USA Fillet,4/5,USD/lb
2026-06-01,5.826474258428368,6.4607570325756924,6.5650167633791,USA Fillet|4/5,Ensemble Naive+Prophet,USA Fillet,4/5,USD/lb
2026-06-08,5.659863628072988,6.2681806353111424,6.37770849847227,USA Fillet|4/5,Ensemble Naive+Prophet,USA Fillet,4/5,USD/lb
2026-06-15,5.49454137873872,6.17812405012235,6.176405351618707,USA Fillet|4/5,Ensemble Naive+Prophet,USA Fillet,4/5,USD/lb
2026-06-22,5.315940387416472,5.977437738752432,6.00886076573457,USA Fillet|4/5,Ensemble Naive+Prophet,USA Fillet,4/5,USD/lb
2026-06-29,5.244869324953906,5.796031207391385,5.965465101888439,USA Fillet|4/5,Ensemble Naive+Prophet,USA Fillet,4/5,USD/lb
2026-07-06,5.190601529328144,5.738667436060753,5.891384529471998,USA Fillet|4/5,Ensemble Naive+Prophet,USA Fillet,4/5,USD/lb
2026-07-13,5.156613058248684,5.732823477807136,5.863775797232957,USA Fillet|4/5,Ensemble Naive+Prophet,USA Fillet,4/5,USD/lb
2026-07-20,5.125959466280501,5.7177602468706255,5.852381596901697,USA Fillet|4/5,Ensemble Naive+Prophet,USA Fillet,4/5,USD/lb
2026-07-27,5.157523936567345,5.656637535274216,5.85314827297776,USA Fillet|4/5,Ensemble Naive+Prophet,USA Fillet,4/5,USD/lb
2026-08-03,5.1436980162623,5.595333339953369,5.868398896572848,USA Fillet|4/5,Ensemble Naive+Prophet,USA Fillet,4/5,USD/lb
2026-08-10,5.135826059544457,5.632137752259277,5.836923354477115,USA Fillet|4/5,Ensemble Naive+Prophet,USA Fillet,4/5,USD/lb
2026-08-17,5.079986528297575,5.545064161938028,5.789851822355077,USA Fillet|4/5,Ensemble Naive+Prophet,USA Fillet,4/5,USD/lb
2026-08-24,4.945751389874349,5.515790018506282,5.6659318177214075,USA Fillet|4/5,Ensemble Naive+Prophet,USA Fillet,4/5,USD/lb
2026-08-31,4.921776202647985,5.418303465069959,5.614277471773341,USA Fillet|4/5,Ensemble Naive+Prophet,USA Fillet,4/5,USD/lb
2026-09-07,4.972335923841122,5.4703558250878626,5.673227006970853,USA Fillet|4/5,Ensemble Naive+Prophet,USA Fillet,4/5,USD/lb
2026-09-14,5.0650351185934275,5.502097688018999,5.792052393937837,USA Fillet|4/5,Ensemble Naive+Prophet,USA Fillet,4/5,USD/lb
2026-09-21,5.135164560991675,5.450455152268224,5.845018704855855,USA Fillet|4/5,Ensemble Naive+Prophet,USA Fillet,4/5,USD/lb
2026-09-28,5.090357916175556,5.4322866349877375,5.83110664399112,USA Fillet|4/5,Ensemble Naive+Prophet,USA Fillet,4/5,USD/lb
2026-10-05,5.0032820794697415,5.444948575537257,5.724789299721876,USA Fillet|4/5,Ensemble Naive+Prophet,USA Fillet,4/5,USD/lb
2026-10-12,4.936316816760196,5.517558758007741,5.657999971648843,USA Fillet|4/5,Ensemble Naive+Prophet,USA Fillet,4/5,USD/lb
2026-10-19,4.968684723194998,5.469957786506079,5.651520462241218,USA Fillet|4/5,Ensemble Naive+Prophet,USA Fillet,4/5,USD/lb
2026-10-26,5.022651413215192,5.527014159763311,5.729169737373792,USA Fillet|4/5,Ensemble Naive+Prophet,USA Fillet,4/5,USD/lb
2026-11-02,5.036903494660001,5.416071430615158,5.749185418743733,USA Fillet|4/5,Ensemble Naive+Prophet,USA Fillet,4/5,USD/lb
2026-11-09,5.030191682606961,5.423891712178622,5.7200359327208705,USA Fillet|4/5,Ensemble Naive+Prophet,USA Fillet,4/5,USD/lb
2026-11-16,4.973074550917939,5.376006804254074,5.687801744283803,USA Fillet|4/5,Ensemble Naive+Prophet,USA Fillet,4/5,USD/lb
2026-11-23,5.015312212391459,5.49824856517254,5.742598927370825,USA Fillet|4/5,Ensemble Naive+Prophet,USA Fillet,4/5,USD/lb
2026-11-30,5.097793144871315,5.4760528585919666,5.795848792788961,USA Fillet|4/5,Ensemble Naive+Prophet,USA Fillet,4/5,USD/lb
2026-12-07,5.195022221809782,5.5258361586702245,5.917450033301963,USA Fillet|4/5,Ensemble Naive+Prophet,USA Fillet,4/5,USD/lb
2026-12-14,5.282501354513964,5.5720823737390965,6.0166329991927325,USA Fillet|4/5,Ensemble Naive+Prophet,USA Fillet,4/5,USD/lb
2026-12-21,5.414304302776898,5.482385949119198,6.120145924340363,USA Fillet|4/5,Ensemble Naive+Prophet,USA Fillet,4/5,USD/lb
2026-12-28,5.561254697913057,5.7411370248457345,6.272245945628877,USA Fillet|4/5,Ensemble Naive+Prophet,USA Fillet,4/5,USD/lb
2027-01-04,5.739880045605473,5.879799637206906,6.449712751605117,USA Fillet|4/5,Ensemble Naive+Prophet,USA Fillet,4/5,USD/lb
2027-01-11,5.876979486998543,6.133577757037119,6.618054111800194,USA Fillet|4/5,Ensemble Naive+Prophet,USA Fillet,4/5,USD/lb
2027-01-18,5.935823939491041,6.366683759693358,6.63693790343383,USA Fillet|4/5,Ensemble Naive+Prophet,USA Fillet,4/5,USD/lb
2027-01-25,5.885398973319485,6.4357867166919736,6.614442740736862,USA Fillet|4/5,Ensemble Naive+Prophet,USA Fillet,4/5,USD/lb
2027-02-01,5.853224436469533,6.44665047155646,6.591216371917514,USA Fillet|4/5,Ensemble Naive+Prophet,USA Fillet,4/5,USD/lb
2027-02-08,5.891276918265084,6.436065520340575,6.582305468394408,USA Fillet|4/5,Ensemble Naive+Prophet,USA Fillet,4/5,USD/lb
2027-02-15,5.970592736530103,6.34966000568303,6.674557920334423,USA Fillet|4/5,Ensemble Naive+Prophet,USA Fillet,4/5,USD/lb
2027-02-22,6.056643471172628,6.288175458034308,6.7598975908007395,USA Fillet|4/5,Ensemble Naive+Prophet,USA Fillet,4/5,USD/lb
2027-03-01,6.157669667573723,6.2847999056428066,6.8612148979104655,USA Fillet|4/5,Ensemble Naive+Prophet,USA Fillet,4/5,USD/lb
2027-03-08,6.173710249753648,6.438648556313906,6.891059515074284,USA Fillet|4/5,Ensemble Naive+Prophet,USA Fillet,4/5,USD/lb
2027-03-15,6.151375012078169,6.422619533111144,6.913896505623766,USA Fillet|4/5,Ensemble Naive+Prophet,USA Fillet,4/5,USD/lb
2027-03-22,6.111560944235234,6.559217656918503,6.851227513672065,USA Fillet|4/5,Ensemble Naive+Prophet,USA Fillet,4/5,USD/lb
2027-03-29,6.077134176893073,6.732251631769175,6.752228112702144,USA Fillet|4/5,Ensemble Naive+Prophet,USA Fillet,4/5,USD/lb
2027-04-05,5.976458900983649,6.466966917339917,6.6871706119050796,USA Fillet|4/5,Ensemble Naive+Prophet,USA Fillet,4/5,USD/lb
2027-04-12,5.91108801042005,6.497338665926781,6.634577349077142,USA Fillet|4/5,Ensemble Naive+Prophet,USA Fillet,4/5,USD/lb
2027-04-19,5.899168308983258,6.4595603469274625,6.615666972980814,USA Fillet|4/5,Ensemble Naive+Prophet,USA Fillet,4/5,USD/lb
2027-04-26,5.901822328057783,6.423735587829332,6.649900204146958,USA Fillet|4/5,Ensemble Naive+Prophet,USA Fillet,4/5,USD/lb
2027-05-03,5.888080836833157,6.579665770568493,6.6133379152586595,USA Fillet|4/5,Ensemble Naive+Prophet,USA Fillet,4/5,USD/lb
2027-05-10,5.884807240941485,6.564535989280424,6.589254879734428,USA Fillet|4/5,Ensemble Naive+Prophet,USA Fillet,4/5,USD/lb
2027-05-17,5.8597123384473075,6.570455078515139,6.567111877614285,USA Fillet|4/5,Ensemble Naive+Prophet,USA Fillet,4/5,USD/lb
2027-05-24,5.794778868757664,6.566591109745048,6.515774701844608,USA Fillet|4/5,Ensemble Naive+Prophet,USA Fillet,4/5,USD/lb
2027-05-31,5.716159205003009,6.3956462546130375,6.419616109906118,USA Fillet|4/5,Ensemble Naive+Prophet,USA Fillet,4/5,USD/lb
2027-06-07,5.545141475013597,6.20694404556305,6.273464673849895,USA Fillet|4/5,Ensemble Naive+Prophet,USA Fillet,4/5,USD/lb
2027-06-14,5.352881442520359,6.116092099622145,6.050216728726724,USA Fillet|4/5,Ensemble Naive+Prophet,USA Fillet,4/5,USD/lb
2027-06-21,5.14750097135677,5.910702803681051,5.881867570925965,USA Fillet|4/5,Ensemble Naive+Prophet,USA Fillet,4/5,USD/lb
2027-06-28,5.1064968694584305,5.724549703893907,5.819827020158235,USA Fillet|4/5,Ensemble Naive+Prophet,USA Fillet,4/5,USD/lb
2027-07-05,5.051157495478617,5.665115912769506,5.756019707806617,USA Fillet|4/5,Ensemble Naive+Prophet,USA Fillet,4/5,USD/lb
2027-07-12,4.986013132843332,5.658710094965702,5.706985161278084,USA Fillet|4/5,Ensemble Naive+Prophet,USA Fillet,4/5,USD/lb
2027-07-19,4.973899644345114,5.641901576307272,5.6904804851323725,USA Fillet|4/5,Ensemble Naive+Prophet,USA Fillet,4/5,USD/lb
2027-07-26,4.943334873644818,5.5781182267954215,5.69417823922096,USA Fillet|4/5,Ensemble Naive+Prophet,USA Fillet,4/5,USD/lb
2027-08-02,4.9728200260536335,5.516871609677467,5.701263544928501,USA Fillet|4/5,Ensemble Naive+Prophet,USA Fillet,4/5,USD/lb
2027-08-09,4.983644701758782,5.558520529758935,5.7133910459432435,USA Fillet|4/5,Ensemble Naive+Prophet,USA Fillet,4/5,USD/lb
2027-08-16,4.956579389667878,5.477390357730065,5.652477332916843,USA Fillet|4/5,Ensemble Naive+Prophet,USA Fillet,4/5,USD/lb
2027-08-23,4.832168353035409,5.448443756736509,5.528583579977939,USA Fillet|4/5,Ensemble Naive+Prophet,USA Fillet,4/5,USD/lb
2027-08-30,4.756404260536468,5.3435374443861425,5.460817026275759,USA Fillet|4/5,Ensemble Naive+Prophet,USA Fillet,4/5,USD/lb
2027-09-06,4.7584310644716155,5.386521489089885,5.508158846041345,USA Fillet|4/5,Ensemble Naive+Prophet,USA Fillet,4/5,USD/lb
2027-09-13,4.915101052525193,5.416334574256019,5.61439989073409,USA Fillet|4/5,Ensemble Naive+Prophet,USA Fillet,4/5,USD/lb
2027-09-20,4.933593364098376,5.372050777410777,5.714325248077066,USA Fillet|4/5,Ensemble Naive+Prophet,USA Fillet,4/5,USD/lb
2027-09-27,4.972355291247235,5.363392899764614,5.659366140543733,USA Fillet|4/5,Ensemble Naive+Prophet,USA Fillet,4/5,USD/lb
