,,Brazil HON — Precio neto USD/kg FCA,,,,,,,,,,,,USA Fillet — Precio neto USD/lb FOB Miami (spot),,,,,,,,,,,,,,
,,10-12 lb,,,,12-14 lb,,,,14-16 lb,,,,2/3,,,,,3/4,,,,,4/5,,,,
Año,Semana,P-1,Skills Thu,P Real X,P Real XII,P-1,Skills Thu,P Real X,P Real XII,P-1,Skills Thu,P Real X,P Real XII,P-1 (×2.27),P-1 (×0.454),UB Tue,UB Thu,P Real,P-1 (×2.27),P-1 (×0.454),UB Tue,UB Thu,P Real,P-1 (×2.27),P-1 (×0.454),UB Tue,UB Thu,P Real
2022,1,7.7000,7.6700,7.7000,7.5000,,7.7500,7.8000,7.6000,,7.8000,7.8000,7.6000,13.3599,6.0600,5.8750,5.8750,,13.4922,6.1200,5.9750,5.9750,6.3434,,,6.0750,6.0750,
2022,2,7.7000,7.7000,7.7000,7.5116,,7.7800,7.7000,7.6106,,7.8100,7.7000,7.6112,13.4040,6.0800,5.9800,6.1050,6.0744,13.4701,6.1100,6.0750,6.2000,6.1318,,,6.1750,6.3000,
2022,3,7.7000,7.6600,7.7000,7.5124,,7.7500,7.7000,7.5747,,7.7700,7.7000,7.5815,14.1094,6.4000,6.3250,6.3750,6.1044,14.3519,6.5100,6.4250,6.4750,6.1233,,,6.5250,6.5750,
2022,4,7.9000,7.8300,,7.6333,,7.9600,,7.6691,,8.0000,,7.6550,14.6606,6.6500,6.5250,6.6000,6.3014,14.7929,6.7100,6.6250,6.7000,6.4002,,,6.7250,6.8000,6.5013
2022,5,8.3000,8.1648,,8.1000,,8.2489,,8.2000,,8.3184,,8.2605,15.2779,6.9300,6.7250,6.7250,6.5654,15.3661,6.9700,6.8250,6.8250,6.6421,,,6.9250,6.9250,
2022,6,8.4000,8.3885,,8.1636,,8.4146,,8.2719,,8.4210,,8.3596,15.3220,6.9500,6.8250,6.8500,6.7895,15.4102,6.9900,6.9250,6.9500,6.8554,,,7.0250,7.0500,
2022,7,8.7500,8.6662,8.9000,8.6668,,8.6675,8.9000,8.6807,,8.7221,8.9001,8.7466,15.5645,7.0600,6.9750,7.0250,6.9575,15.6527,7.1000,7.0750,7.1250,6.9699,,,7.1750,7.2250,6.8382
2022,8,8.8900,8.8800,8.9000,8.7087,,8.9500,9.0000,8.7798,,9.0100,9.0000,8.8232,16.0054,7.2600,7.1250,7.1750,7.0217,16.3140,7.4000,7.2250,7.2750,7.0435,,,7.3250,7.3750,7.4036
2022,9,9.1200,9.1600,9.1000,8.9876,,9.2200,9.2000,9.0932,,9.2700,9.2000,9.1560,16.0936,7.3000,7.2750,7.3000,7.1919,16.4904,7.4800,7.3750,7.4000,7.2540,,,7.4750,7.5000,7.2487
2022,10,9.5400,9.4800,9.5751,9.3394,,9.5200,9.6532,9.3943,,9.5300,9.7111,9.4917,16.3361,7.4100,7.3750,7.3750,7.3159,16.6006,7.5300,7.4750,7.4750,7.4482,,,7.5750,7.5750,7.7500
2022,11,9.8100,9.7800,9.6876,9.5933,,9.8600,9.8529,9.6080,,9.9300,9.9202,9.6543,16.0936,7.3000,7.2750,7.2000,7.3935,16.3581,7.4200,7.3750,7.3000,7.5214,17.1738,7.7901,7.4750,7.4000,7.6965
2022,12,9.4900,9.6000,9.4216,9.2723,,9.5900,9.4939,9.2842,,9.7000,9.5917,9.3074,15.3220,6.9500,6.9750,6.8750,7.3239,15.7408,7.1400,7.0750,7.0250,7.4766,16.4463,7.4600,7.1750,7.1750,7.7034
2022,13,9.1400,9.2500,9.1024,,,9.1600,9.1444,8.8000,,9.2000,9.1718,9.0068,14.8590,6.7400,6.7250,6.7250,7.1080,15.1236,6.8600,6.9750,6.9750,7.2587,15.9393,7.2300,7.1250,7.1250,7.5222
2022,14,8.9500,8.9900,9.0066,7.6821,,9.0500,9.0574,7.6341,,9.1100,9.0704,7.6491,14.9251,6.7700,6.7250,6.8000,6.8458,15.2338,6.9100,6.9750,6.9750,7.0239,,,7.1250,7.1250,7.3568
2022,15,9.0700,9.1100,9.1023,7.3235,,9.1800,9.1214,7.4987,,9.2600,9.1695,7.5975,15.2779,6.9300,7.0000,7.0500,6.7636,15.8952,7.2100,7.1000,7.1250,6.8730,,,7.2000,7.2250,7.1454
2022,16,9.3500,9.3900,9.3000,8.2262,,9.4500,9.4183,8.1129,,9.5300,9.4459,7.8719,15.7188,7.1300,7.0750,7.1500,6.8150,16.1156,7.3100,7.1500,7.2500,7.0409,,,7.2500,7.3500,7.2895
2022,17,9.6400,9.6300,9.7000,8.5810,,9.7700,9.6936,8.6390,,9.8300,9.7749,8.3230,15.8952,7.2100,7.3000,7.3000,7.0862,16.2920,7.3900,7.4000,7.4000,7.2167,,,7.5000,7.5000,7.3949
2022,18,9.9100,9.8500,9.9554,9.7000,,9.9200,10.0134,9.8000,,9.9900,10.0806,9.8000,16.3581,7.4200,7.4000,7.4000,7.1920,16.6227,7.5400,7.5000,7.5000,7.2401,,,7.6000,7.6000,7.3224
2022,19,10.1300,10.0100,10.1403,9.9493,,10.1300,10.0973,10.0454,,10.1800,10.0946,10.0048,16.1597,7.3300,7.4000,7.4000,7.2623,16.5345,7.5000,7.5000,7.5000,7.4279,16.9534,7.6901,7.6000,7.6000,7.6007
2022,20,9.9300,9.7400,9.9003,9.7291,,9.8900,9.9018,9.7963,,9.9700,9.9756,9.8000,16.2699,7.3800,7.3500,7.2750,7.4299,16.5345,7.5000,7.4500,7.3750,7.5146,16.9534,7.6901,7.5500,7.4750,7.6857
2022,21,9.2500,9.2100,9.2176,8.7470,,9.3300,9.3641,8.8413,,9.4100,9.4268,8.7851,15.8070,7.1700,7.1000,7.0500,7.4451,15.8952,7.2100,7.2000,7.1500,7.5413,16.5565,7.5100,7.3000,7.2500,7.7793
2022,22,8.5400,8.4900,8.5472,7.8816,,8.5400,8.6198,8.0426,,8.5700,8.7622,8.1240,15.4763,7.0200,6.9000,6.8500,7.3742,15.6086,7.0800,7.0000,6.9500,7.4438,16.1377,7.3200,7.1000,7.0500,7.6436
2022,23,8.2200,8.2800,8.2464,8.0000,,8.3500,8.3896,8.0778,,8.3900,8.3651,8.1180,14.9031,6.7600,6.5000,6.4000,7.1895,15.1015,6.8500,6.6000,6.5000,7.2415,15.5424,7.0500,6.7000,6.6000,7.3846
2022,24,8.0500,8.0700,8.1329,7.8373,,8.1200,8.1383,7.8855,,8.1500,8.0954,7.9468,14.0213,6.3600,6.2000,6.2000,6.9438,14.0213,6.3600,6.3000,6.3000,7.0154,14.5283,6.5900,6.4000,6.4000,7.2408
2022,25,8.1200,8.0900,8.1000,7.9331,,8.1800,8.2000,8.0004,,8.2500,8.2433,8.0488,14.0433,6.3700,6.2000,6.2000,6.6019,14.1425,6.4150,6.3000,6.3000,6.6816,14.4842,6.5700,6.4000,6.4000,6.9111
2022,26,8.3400,8.3000,8.3582,8.1000,,8.3800,8.4474,8.1894,,8.4500,8.6000,8.2959,13.7788,6.2500,6.2000,6.2000,6.3705,14.0874,6.3900,6.3000,6.3000,6.3880,14.3740,6.5200,6.4000,6.4000,6.5313
2022,27,8.3400,8.3100,8.3618,8.1685,,8.4000,8.3807,8.2401,,8.4700,,8.3082,13.6906,6.2100,6.2000,6.2000,6.3321,14.1315,6.4100,6.3000,6.3000,6.4262,14.5945,6.6200,6.4000,6.4000,6.5450
2022,28,8.4300,8.4000,8.4000,8.2305,,8.4900,8.5000,8.2862,,8.5700,8.6000,8.3336,13.7347,6.2300,6.2000,6.2000,6.2526,14.1094,6.4000,6.3000,6.3000,6.4074,14.5504,6.6000,6.4000,6.4000,6.5798
2022,29,8.4600,8.3900,,8.2266,,8.5300,8.6000,8.2895,,8.6300,8.6903,8.3183,13.7567,6.2400,6.1000,6.0500,6.2270,13.9331,6.3200,6.2000,6.1500,6.4150,14.5724,6.6100,6.3000,6.2500,6.6030
2022,30,8.3100,8.2500,8.2999,7.9271,,8.3300,8.3693,7.9241,,8.3900,8.4009,7.9764,13.2937,6.0300,6.0000,5.9250,6.2247,13.5142,6.1300,6.1000,6.0250,6.3718,13.7126,6.2200,6.2000,6.1250,6.4682
2022,31,7.6500,7.6300,7.7000,7.4622,,7.7000,7.7492,7.4835,,7.7700,7.7447,7.5379,13.2056,5.9900,5.8000,5.7750,6.1769,13.2496,6.0100,5.9000,5.8750,6.1840,13.4922,6.1200,6.0000,5.9750,6.2756
2022,32,7.7500,7.6500,7.8000,7.5638,,7.7200,7.8000,7.5258,,7.8100,7.8000,7.5096,12.6985,5.7600,5.7500,5.7500,6.0478,12.8308,5.8200,5.8500,5.8500,6.2302,13.2717,6.0200,5.9500,5.9500,6.1952
2022,33,7.7300,7.6200,7.8000,7.5198,,7.7100,7.8000,7.4771,,7.7600,7.8000,7.5612,13.0512,5.9200,5.7500,5.7500,5.8628,12.9410,5.8700,5.8500,5.8500,5.9739,13.2276,6.0000,5.9500,5.9500,6.0607
2022,34,7.5900,7.3800,7.5708,7.2009,,7.4800,7.5645,7.2566,,7.6000,7.5704,7.1509,13.0292,5.9100,5.7500,5.7500,5.8821,12.9410,5.8700,5.8500,5.8500,5.9666,13.3819,6.0700,5.9500,5.9500,5.9670
2022,35,7.3100,7.1600,7.2788,7.1175,,7.2400,7.2638,7.1343,,7.3300,7.3000,7.1441,12.8528,5.8300,5.7500,5.7500,5.8934,12.8087,5.8100,5.8500,5.8500,5.9305,13.1615,5.9700,5.9500,5.9500,6.0215
2022,36,7.1000,6.9900,7.1500,6.9000,,7.0900,7.1500,6.9266,,7.1600,7.1500,6.9551,13.1174,5.9500,5.7500,5.7500,5.9115,13.0953,5.9400,5.8500,5.8500,5.9888,13.4701,6.1100,5.9500,5.9500,6.0535
2022,37,7.1500,7.0900,7.2500,6.9731,,7.1800,7.2500,6.9573,,7.2700,7.2500,6.9781,13.3599,6.0600,5.8500,5.8750,5.9787,13.5142,6.1300,5.9500,5.9750,6.0134,13.7126,6.2200,6.0500,6.0750,6.0578
2022,38,7.2500,7.2000,7.3000,7.0635,,7.2900,7.3000,7.0817,,7.3800,7.3000,7.0619,13.5583,6.1500,5.9000,5.9000,6.0399,13.5142,6.1300,6.0000,6.0000,6.1491,13.8890,6.3000,6.1000,6.1000,6.1958
2022,39,7.0300,7.0200,,6.7830,,7.1400,7.1415,6.8788,,7.1800,7.2000,6.9768,13.6465,6.1900,5.9000,5.8750,6.1422,13.7788,6.2500,6.0000,5.9750,6.1872,14.0874,6.3900,6.1000,6.0750,6.2673
2022,40,6.8400,6.7800,,6.6459,,6.9200,,6.6906,,6.9600,,6.7465,13.6024,6.1700,5.8500,5.8250,6.1977,13.7347,6.2300,5.9500,5.9250,6.2238,13.9992,6.3500,6.0500,6.0250,6.2981
2022,41,7.0000,6.9200,7.0500,6.7867,,7.0000,7.0500,6.8009,,7.0300,7.0500,6.7542,13.5583,6.1500,5.7500,5.7250,6.1936,13.8449,6.2800,5.8500,5.8250,6.2747,13.9331,6.3200,5.9500,5.9250,6.3215
2022,42,7.2000,6.9400,7.1999,7.0867,,7.0000,7.2342,7.0232,,7.0200,7.2198,7.0386,13.5583,6.1500,5.7000,5.7250,6.1723,13.8449,6.2800,5.8000,5.8250,6.2014,14.0213,6.3600,5.9000,5.9250,6.2235
2022,43,7.1800,6.9900,7.3700,6.8128,,7.0600,7.3305,7.0325,,7.1000,7.2124,7.0355,13.3819,6.0700,5.7500,5.7500,6.1432,13.6685,6.2000,5.8500,5.8500,6.2453,13.8449,6.2800,5.9500,5.9500,6.3041
2022,44,7.5200,7.4300,7.5500,7.3508,,7.4900,7.5500,7.3663,,7.5200,7.5500,7.3751,13.3158,6.0400,5.7500,5.7500,6.0650,13.6465,6.1900,5.8500,5.8500,6.2334,13.7567,6.2400,5.9500,5.9500,6.2607
2022,45,7.5600,7.4400,7.6000,7.3146,,7.5000,7.6000,7.3151,,7.5300,7.6000,7.3398,13.2056,5.9900,5.7000,5.6750,6.0623,13.2717,6.0200,5.8000,5.7750,6.1124,13.5362,6.1400,5.9000,5.8750,6.2277
2022,46,7.5800,7.4500,7.6000,7.3683,,7.5300,7.6000,7.3869,,7.5600,7.6000,7.3713,13.0071,5.9000,5.6000,5.5750,5.9798,13.0512,5.9200,5.7000,5.6750,6.0755,13.4040,6.0800,5.8000,5.7750,6.0958
2022,47,7.5800,7.5100,7.6132,7.3725,,7.6100,7.6139,7.4140,,7.6300,7.6042,7.4190,12.9410,5.8700,5.6000,5.5750,5.9415,13.0292,5.9100,5.7000,5.6750,5.9735,13.4040,6.0800,5.8000,5.7750,6.1368
2022,48,7.7100,7.6532,7.7082,7.3294,,7.7500,7.7469,7.4463,,7.7569,7.7439,7.5022,12.9410,5.8700,5.5500,5.6000,5.8855,12.9190,5.8600,5.6500,5.7000,5.9246,13.0512,5.9200,5.7500,5.8000,6.0534
2022,49,7.7700,7.6862,7.7341,7.5329,,7.7773,7.8019,7.6259,,7.7520,7.7816,7.5708,12.9630,5.8800,5.7000,5.7750,5.8754,13.0512,5.9200,5.8000,5.8750,5.9107,13.3819,6.0700,5.9000,5.9750,6.0334
2022,50,7.7200,7.7200,7.7711,7.4793,,7.8000,7.8549,7.5200,,7.8300,7.8594,7.5672,13.3599,6.0600,5.9000,5.9500,5.9378,13.2056,5.9900,6.0000,6.0500,5.9719,13.9331,6.3200,6.1000,6.1500,6.0723
2022,51,7.9600,7.9500,7.9460,7.7000,,7.9700,7.9726,7.8000,,7.9500,7.9642,7.8000,13.7347,6.2300,6.0500,6.0750,6.0153,13.4922,6.1200,6.1500,6.1750,6.0863,14.1976,6.4400,6.2500,6.2750,6.1633
2022,52,8.0400,8.0300,8.0583,7.8407,,8.0800,8.1115,7.9412,,8.1100,8.1308,7.9863,13.8008,6.2600,6.1000,6.1000,6.1551,14.0213,6.3600,6.2000,6.2000,6.2537,14.3519,6.5100,6.3000,6.3000,6.3397
2023,1,8.1500,8.1300,8.1962,7.9407,,8.2000,8.2259,7.9739,,8.2800,8.2687,7.9771,13.9772,6.3400,6.1000,6.1000,6.2895,14.1756,6.4300,6.2000,6.2000,6.4003,14.4181,6.5400,6.3000,6.3000,6.5055
2023,2,8.3200,8.3000,8.2941,8.1159,,8.3300,8.3843,8.1914,,8.2400,8.3885,8.1923,13.9331,6.3200,6.2000,6.2750,6.3344,14.1535,6.4200,6.3000,6.3750,6.4202,14.3519,6.5100,6.4000,6.4750,6.5141
2023,3,8.5700,8.4300,8.5176,8.3463,,8.5600,8.5953,8.4161,,8.5700,8.6484,8.4202,14.4622,6.5600,6.4500,6.5250,6.4397,14.7047,6.6700,6.5500,6.6250,6.5250,14.9472,6.7800,6.6500,6.7250,6.6212
2023,4,8.6800,8.6300,8.6678,8.4485,,8.7100,8.7013,8.5102,,8.7600,8.7384,8.5068,15.2558,6.9200,6.6500,6.7000,6.7773,15.3881,6.9800,6.7500,6.8000,6.8502,15.5204,7.0400,6.8500,6.9000,6.9188
2023,5,8.7800,8.7100,8.7619,8.4970,,8.7600,8.7909,8.5730,,8.8200,8.8227,8.6100,15.6306,7.0900,6.8500,6.9000,7.0468,15.7408,7.1400,6.9500,7.0000,7.0349,15.7408,7.1400,7.0500,7.1000,7.0570
2023,6,8.8500,8.7599,8.8241,8.6197,,8.8680,8.8862,8.7127,,8.9139,8.9495,8.7355,15.9613,7.2400,7.0000,7.0250,7.1880,16.0054,7.2600,7.1000,7.1250,7.1730,16.0495,7.2800,7.2000,7.2250,7.2447
2023,7,8.7600,8.7125,8.7734,8.5604,,8.7964,8.8486,8.6111,,8.8219,8.8885,8.6694,16.4463,7.4600,7.1000,7.1000,7.3573,16.5786,7.5200,7.2000,7.2000,7.3923,16.7550,7.6000,7.3000,7.3000,7.5010
2023,8,8.6200,8.5517,8.6997,8.3598,,8.6296,8.7158,8.4185,,8.6707,8.7187,8.4237,16.8211,7.6301,7.1000,7.1000,7.5717,16.9534,7.6901,7.2000,7.2000,7.6048,17.1738,7.7901,7.3000,7.3000,7.5771
2023,9,8.6900,8.6200,8.7000,8.4778,,8.6900,8.7000,8.5000,,8.7200,8.7000,8.5440,16.9093,7.6701,7.1000,7.1000,7.5650,16.9975,7.7101,7.2000,7.2000,7.5597,16.9313,7.6801,7.3000,7.3000,7.6461
2023,10,9.4200,9.4800,9.2998,8.9051,,9.3400,8.8774,9.0318,,9.3300,8.7928,9.1143,16.1597,7.3300,7.0500,6.9750,7.4132,16.4904,7.4800,7.1500,7.0750,7.5135,16.8652,7.6501,7.2500,7.1750,7.4362
2023,11,9.6800,9.6300,9.6826,9.4865,,9.6900,9.7000,9.4734,,9.7000,9.7513,9.4908,15.3661,6.9700,6.8000,6.7250,7.0883,15.8687,7.1980,6.9000,6.8250,7.3219,16.2126,7.3540,7.0000,6.9250,7.5126
2023,12,9.7000,9.6400,9.6971,9.5113,,9.7000,9.7184,9.5133,,9.8000,9.7472,9.5214,14.9803,6.7950,6.4500,6.3750,6.8830,15.4454,7.0060,6.5500,6.4750,7.0413,15.9549,7.2371,6.6500,6.5750,7.2950
2023,13,9.4700,9.2300,9.4888,9.3341,,9.2400,9.4946,9.3698,,9.3300,9.5047,9.4306,14.4666,6.5620,6.3000,6.3500,6.6196,14.6077,6.6260,6.4000,6.4500,6.8421,15.2250,6.9060,6.5000,6.5500,6.8398
2023,14,9.4500,9.3700,9.4603,9.3287,,9.4700,9.5000,9.3454,,9.5100,9.5526,9.3308,14.4591,6.5586,6.4500,6.4750,6.5422,14.6956,6.6659,6.5500,6.5750,6.6901,14.9595,6.7856,6.6500,6.6750,6.6932
2023,15,8.8500,8.8000,8.8813,8.4505,,8.8600,8.9427,8.5515,,8.9700,8.9573,8.5368,14.4591,6.5586,6.5500,6.5000,6.5176,14.6956,6.6659,6.6500,6.6000,6.6860,14.9595,6.7856,6.7500,6.7000,6.7252
2023,16,8.2900,8.1900,8.3458,8.1000,,8.2700,8.3385,8.2000,,8.3000,8.3122,8.2494,14.4842,6.5700,6.3500,6.3000,6.5115,14.6826,6.6600,6.4500,6.4000,6.6767,15.1456,6.8700,6.5500,6.5000,6.7749
2023,17,7.8000,7.8300,7.8336,7.6219,,7.8800,7.8766,7.6381,,7.8900,7.9835,7.6689,13.3158,6.0400,6.1500,6.1500,6.4048,13.5142,6.1300,6.2500,6.2500,6.4606,14.7267,6.6800,6.3500,6.3500,6.5108
2023,18,7.9000,7.7400,7.9287,7.7000,,7.8700,7.9622,7.7293,,7.9500,7.9724,7.7665,13.9066,6.3080,6.2000,6.2000,6.2867,14.0984,6.3950,6.3000,6.3000,6.4360,14.6011,6.6230,6.4000,6.4000,6.4967
2023,19,8.4000,8.1900,8.4148,8.2000,,8.3300,8.4098,8.2000,,8.3100,8.4000,8.2000,13.9551,6.3300,6.2000,6.2000,6.3360,14.1535,6.4200,6.3000,6.3000,6.4552,14.4842,6.5700,6.4000,6.4000,6.4568
2023,20,8.5700,8.5000,8.5607,8.4000,,8.5700,8.5703,8.4000,,8.6400,,,13.8008,6.2600,6.1000,6.1000,6.2776,14.0806,6.3869,6.2000,6.2000,6.4286,14.6650,6.6520,6.3000,6.3000,6.4772
2023,21,8.4600,8.3700,8.4791,7.9705,,8.4600,8.5209,8.1832,,8.5400,8.5228,8.1584,13.5803,6.1600,6.1000,6.1000,6.1219,13.8601,6.2869,6.2000,6.2000,6.3046,14.4842,6.5700,6.3000,6.3000,6.4413
2023,22,8.1200,8.1400,8.1266,7.9916,,8.2100,8.1727,8.0136,,8.2800,8.2000,8.0054,13.4481,6.1000,6.0500,6.0000,6.0739,13.7920,6.2560,6.1500,6.1000,6.2394,14.4556,6.5570,6.2500,6.2000,6.3692
2023,23,7.6000,7.6200,7.5862,7.4607,,7.7700,7.6121,7.4818,,7.7300,7.6000,7.5004,13.4701,6.1100,5.7250,5.6500,6.0270,13.6458,6.1897,5.8250,5.7500,6.1525,14.1778,6.4310,5.9250,5.8500,6.1803
2023,24,7.1000,7.0800,7.0945,6.8920,,7.1400,7.1613,6.9219,,7.1400,,6.9207,12.8901,5.8469,5.3750,5.2750,5.7596,12.9227,5.8617,5.4750,5.3750,5.9257,13.2629,6.0160,5.5750,5.4750,5.7665
2023,25,7.2800,7.2200,7.2782,7.1288,,7.2700,7.3571,7.1508,,7.2700,7.4700,7.1370,12.0883,5.4832,5.0750,5.0500,5.4512,11.9666,5.4280,5.1750,5.1500,5.5620,12.3171,5.5870,5.2750,5.2500,5.5711
2023,26,7.4300,7.2900,7.4000,7.2862,,7.3800,7.4234,7.2540,,7.4200,,7.2614,11.8762,5.3870,5.0250,5.0250,5.3790,11.5702,5.2482,5.1250,5.1250,5.2664,12.2126,5.5396,5.2250,5.2250,5.5120
2023,27,7.4800,7.4400,7.4677,7.3096,,7.5000,7.5610,7.3217,,7.6100,,7.3221,11.3499,5.1483,5.0250,5.0500,5.1649,11.7660,5.3370,5.1250,5.1500,5.2950,12.2512,5.5571,5.2250,5.2500,5.5096
2023,28,7.5100,7.4912,7.4650,7.3964,,7.6043,7.6000,7.4298,,7.7145,,7.4901,11.4639,5.2000,5.1250,5.1750,5.2019,11.5761,5.2509,5.2250,5.2750,5.3190,12.3614,5.6071,5.3250,5.3750,5.5026
2023,29,7.7500,7.7344,7.7000,7.6000,,7.8231,7.8000,7.6172,,7.9202,,7.6175,11.7285,5.3200,5.3250,5.3750,5.3143,12.1473,5.5100,5.4250,5.4750,5.4887,12.5662,5.7000,5.5250,5.6000,5.5357
2023,30,7.7500,7.6700,7.7331,7.5698,,7.7500,7.7889,7.5880,,7.8300,7.8034,7.6043,12.3017,5.5800,5.5750,5.7000,5.5934,12.7426,5.7800,5.7250,5.8500,5.5757,13.1174,5.9500,5.8750,6.0000,5.7610
2023,31,7.7000,7.6800,7.7241,7.6000,,7.7500,7.7557,7.6000,,7.8100,7.8000,7.6000,13.0224,5.9069,5.8750,5.9250,5.8952,13.5702,6.1554,6.0250,6.0750,6.1448,13.7807,6.2509,6.1750,6.2250,5.8360
2023,32,7.3200,7.4200,7.3199,7.0803,,7.5200,7.3578,7.1754,,7.4900,7.2874,7.2024,13.4811,6.1150,5.9750,5.9750,6.0879,13.9597,6.3321,6.1250,6.1250,6.2558,14.1690,6.4270,6.2750,6.2750,6.3693
2023,33,7.3400,7.2900,7.2979,7.1725,,7.4100,7.4000,7.2933,,7.4700,7.4345,7.3813,14.2331,6.4561,5.9750,5.9750,6.1195,14.0967,6.3942,6.1250,6.1250,6.2844,14.1690,6.4270,6.2750,6.2750,6.3046
2023,34,6.5200,6.5900,6.5710,,7.1200,6.9700,7.1132,,7.2100,6.9300,6.9935,,13.1835,5.9800,5.8750,5.8000,6.0002,13.1754,5.9763,6.0250,5.9500,6.2094,13.9842,6.3432,6.1750,6.1000,5.8761
2023,35,6.5000,6.3600,6.1529,,6.6800,6.5200,6.5332,,,6.5300,6.5906,,12.9972,5.8955,5.6250,5.6250,5.8859,13.2045,5.9895,5.7750,5.7750,5.9292,13.8663,6.2897,5.9250,5.9250,5.9216
2023,36,6.2100,5.9900,5.9064,,6.3500,6.1500,6.2348,,6.4000,6.2200,6.1978,,12.5662,5.7000,5.6250,5.6000,5.7065,12.8528,5.8300,5.7750,5.7500,5.8400,13.2937,6.0300,5.9250,5.9000,5.7870
2023,37,6.4200,6.2210,,,6.5100,6.3303,6.3621,,6.5800,6.3831,6.3654,,12.6324,5.7300,5.5750,5.6000,5.7342,12.8749,5.8400,5.7250,5.7500,5.8264,13.3378,6.0500,5.8750,5.9000,5.7807
2023,38,6.9800,6.8301,,6.8000,6.9500,6.8554,6.8557,6.8000,7.1000,6.9081,6.8876,6.8000,13.0292,5.9100,5.6250,5.6000,5.9022,13.2496,6.0100,5.7750,5.7500,5.9113,13.5693,6.1550,5.9250,5.9000,6.0248
2023,39,6.8200,6.7800,6.7899,6.4378,6.8600,6.8700,6.8819,6.5501,6.9700,6.8900,6.9561,6.5980,12.6718,5.7479,5.5750,5.5250,5.7540,12.8436,5.8258,5.7250,5.6750,5.7921,13.3286,6.0458,5.8750,5.8250,5.8885
2023,40,6.5800,6.5300,6.5400,,6.5000,6.5900,6.5935,,,6.7000,6.6347,,12.3458,5.6000,5.3750,5.3500,5.6367,12.5854,5.7087,5.4750,5.4500,5.7089,12.8927,5.8481,5.5750,5.5250,5.7068
2023,41,6.5400,6.5000,6.5359,,6.4600,6.6000,6.5453,,6.5000,6.6200,6.5581,,11.9930,5.4400,5.3250,5.3250,5.4841,12.1473,5.5100,5.4250,5.4250,5.5812,12.4780,5.6600,5.5250,5.5250,5.6396
2023,42,6.2900,6.2900,6.3134,,6.4100,6.3300,6.3563,,6.5000,6.3500,6.3722,,11.9269,5.4100,5.3250,5.3750,5.4283,12.4560,5.6500,5.4250,5.4750,5.5464,11.8167,5.3600,5.5250,5.5750,5.5593
2023,43,6.4000,6.3700,6.3695,,,6.4300,6.4177,,,6.4400,6.3961,,12.1390,5.5062,5.4250,5.4250,5.4979,12.2552,5.5589,5.5250,5.5250,5.5520,12.5883,5.7100,5.6250,5.6250,5.6485
2023,44,6.4300,6.4400,6.4536,,6.4200,6.4700,6.4834,,6.6000,6.5100,6.5001,,12.4339,5.6400,5.4750,5.4750,5.6603,12.4403,5.6429,5.5750,5.5750,5.7450,12.8749,5.8400,5.6750,5.6750,5.8763
2023,45,6.1100,6.1300,6.0744,,6.5200,6.2200,6.1819,,6.6000,6.3000,6.2854,,12.2355,5.5500,5.4750,5.4750,5.6169,12.4681,5.6555,5.5750,5.5750,5.7499,12.8528,5.8300,5.6750,5.6750,5.7592
2023,46,6.0100,5.9900,6.0205,5.8515,6.1300,6.0200,6.6829,5.9242,6.2100,6.0200,5.6359,5.9279,12.2355,5.5500,5.3750,5.3250,5.5707,12.4339,5.6400,5.4750,5.4250,5.7280,12.8749,5.8400,5.5750,5.5250,5.6300
2023,47,6.1000,6.0600,6.0392,6.0000,,6.1300,6.0936,6.0250,,6.1500,6.1660,6.0590,12.0276,5.4557,5.1750,5.1750,5.5099,12.2274,5.5463,5.2750,5.2750,5.6046,12.8074,5.8094,5.3750,5.3750,5.6415
2023,48,6.1200,6.2536,5.9829,6.0071,6.1100,6.3324,6.3528,6.0563,6.1900,6.3151,6.6811,6.1319,11.9688,5.4290,5.1750,5.1750,5.4107,12.0931,5.4854,5.2750,5.2750,5.6365,12.7686,5.7918,5.3750,5.3750,5.6274
2023,49,6.4000,6.8660,6.3399,6.8415,6.5600,6.9980,6.4992,6.9000,6.5200,7.0854,6.5703,6.9438,11.9930,5.4400,5.1750,5.2000,5.4671,12.1914,5.5300,5.2750,5.3000,5.6780,12.8308,5.8200,5.3750,5.4000,5.7795
2023,50,6.8500,6.8593,6.9338,6.6296,6.9500,6.9438,6.9667,6.6662,7.0200,7.0229,7.0604,6.6909,12.2796,5.5700,5.2750,5.3250,5.4853,12.5001,5.6700,5.3750,5.4250,5.6347,12.8903,5.8470,5.4750,5.5250,5.7870
2023,51,6.6700,6.6000,6.7176,6.4396,6.6900,6.6600,6.7830,6.4884,6.8000,6.6900,6.8340,6.5563,12.1914,5.5300,5.4250,5.4750,5.5221,12.6963,5.7590,5.5050,5.5550,5.7608,13.0733,5.9300,5.6250,5.6750,5.8756
2023,52,7.3000,7.3100,7.1065,7.1791,7.3000,7.4400,7.3707,7.1256,7.4200,7.3900,7.4207,7.2100,12.5883,5.7100,5.5750,5.6500,5.4869,13.0512,5.9200,5.6750,5.7500,5.8087,13.3378,6.0500,5.7750,5.8500,5.8844
2024,1,8.2700,8.1700,8.0171,7.7486,8.1400,8.2500,8.1639,7.7188,8.3300,8.2800,8.2563,7.7740,12.8969,5.8500,5.7750,5.9000,5.8444,13.2056,5.9900,5.8750,6.0000,5.9227,13.4040,6.0800,5.9750,6.1000,6.1061
2024,2,8.8400,8.8000,8.7530,8.6760,8.8800,8.9100,8.7925,8.7243,9.0300,8.9800,8.8336,8.7838,13.2496,6.0100,6.1250,6.3500,6.1017,13.6806,6.2055,6.2250,6.4500,6.1869,14.0532,6.3745,6.3250,6.5500,6.4300
2024,3,9.0300,9.0000,9.0197,8.8607,8.9900,8.9200,9.0919,8.9242,9.2200,9.1400,9.1788,8.9877,14.2400,6.4592,6.6750,6.7500,6.4542,14.6654,6.6522,6.7750,6.8500,6.6672,15.0400,6.8221,6.8750,6.9500,6.8045
2024,4,8.9500,8.9600,8.9683,8.5961,9.0200,9.1600,9.1105,8.8970,9.2200,9.2400,9.1951,8.9925,15.2558,6.9200,6.8250,6.8250,6.9076,15.8952,7.2100,6.9250,6.9250,7.1518,16.0605,7.2850,7.0250,7.0250,7.4528
2024,5,8.6000,8.5300,8.4674,8.4458,8.8800,8.9700,9.0056,8.7999,9.0200,9.0000,9.0189,8.8000,15.4697,7.0170,6.7250,6.6000,7.0210,15.7986,7.1662,6.8250,6.7000,7.0864,16.0777,7.2928,6.9250,6.8000,7.1759
2024,6,8.2600,8.0300,8.2006,8.0564,8.5400,8.5300,8.6046,8.2265,8.6500,8.6400,8.7278,8.4039,15.6203,7.0854,6.4750,6.4500,7.1023,14.8326,6.7280,6.5750,6.5500,6.8500,15.4334,7.0006,6.6750,6.6500,6.8703
2024,7,7.7000,7.5400,7.7198,7.4886,8.2800,8.2100,8.2734,8.0427,8.3600,8.3000,8.3474,8.1221,15.2007,6.8950,6.4250,6.4250,6.9612,14.9736,6.7920,6.5250,6.5250,6.7333,15.2338,6.9100,6.6250,6.6250,6.8788
2024,8,7.8100,7.7800,7.6654,7.6231,8.2300,8.2600,8.2459,8.0308,8.3500,8.3000,8.3000,8.1626,14.8564,6.7388,6.3250,6.2750,6.7008,14.5351,6.5931,6.4250,6.3750,6.5402,15.0142,6.8104,6.5250,6.4750,6.8138
2024,9,8.1100,8.0500,8.0970,7.9000,8.4700,8.4600,8.5000,8.3000,8.6100,8.5400,8.5690,8.4000,14.1244,6.4068,6.1750,6.1500,6.3968,14.2283,6.4539,6.2750,6.2500,6.4836,14.9287,6.7716,6.3750,6.3500,6.7131
2024,10,8.4300,8.3200,8.4686,8.1657,8.7500,8.7200,8.8524,8.5886,8.9000,8.8800,8.9151,8.6946,13.8954,6.3029,6.1250,6.1250,6.2532,13.8934,6.3020,6.2250,6.2250,6.3069,14.7543,6.6925,6.3250,6.3250,6.6519
2024,11,8.8300,8.7600,8.8215,8.5966,9.0600,9.0600,9.1208,8.9049,9.2600,9.1200,9.2113,8.9117,14.0764,6.3850,6.1750,6.2250,6.4201,14.1782,6.4312,6.2750,6.3250,6.4125,15.0032,6.8054,6.3750,6.4250,6.7161
2024,12,9.0300,8.9800,8.9489,8.7973,9.2400,9.3000,9.3568,9.1646,9.4400,9.3800,9.4292,9.2220,14.2858,6.4800,6.2750,6.3500,6.4866,14.4291,6.5450,6.3750,6.4500,6.5796,15.0228,6.8143,6.4750,6.5500,6.8007
2024,13,9.6000,9.3700,9.5963,9.4000,9.7000,9.7100,9.7979,9.6000,9.9000,9.8900,9.8953,9.7000,14.6826,6.6600,6.4750,6.4750,6.6670,14.7267,6.6800,6.5750,6.5750,6.6543,15.2117,6.9000,6.6750,6.6750,6.8446
2024,14,9.7400,9.7000,9.7364,,9.8600,9.8500,9.8848,,10.0200,9.9700,9.9881,,14.7708,6.7000,6.3750,6.3250,6.7027,14.8810,6.7500,6.5250,6.5000,6.6416,15.1456,6.8700,6.6250,6.6000,6.8865
2024,15,9.4000,9.4500,9.3999,,9.6700,9.6600,9.7101,,9.8000,9.6800,9.8063,,14.6826,6.6600,6.2250,6.1750,6.6424,14.7179,6.6760,6.4250,6.3750,6.6014,15.1046,6.8514,6.5250,6.4750,6.7882
2024,16,9.1600,9.1400,9.1908,,9.5800,9.6100,9.6064,,9.7200,9.7100,9.7162,,14.3079,6.4900,6.1250,6.1000,6.4962,14.5063,6.5800,6.3250,6.3000,6.5668,14.8744,6.7470,6.4250,6.4000,6.6168
2024,17,9.0300,8.9900,9.0035,,9.5700,9.5300,9.5718,,9.6800,9.6400,9.6000,,14.3079,6.4900,6.0750,6.0750,6.5015,14.4842,6.5700,6.2750,6.2750,6.5763,14.9891,6.7990,6.3750,6.3750,6.7405
2024,18,8.5000,8.3600,8.4288,,9.0800,8.9700,9.0440,,9.1400,9.0600,9.1212,,14.3299,6.5000,6.0750,6.0750,6.4996,14.5572,6.6031,6.2750,6.2750,6.5259,14.9516,6.7820,6.3750,6.3750,6.7257
2024,19,7.9900,8.0000,7.9780,,8.5100,8.4600,8.4867,,8.5800,8.5100,8.5292,,14.1315,6.4100,6.1250,6.1250,6.4347,14.2858,6.4800,6.3250,6.3250,6.4890,14.9031,6.7600,6.4250,6.4250,6.6574
2024,20,7.8900,7.8200,7.8272,,8.1100,8.1400,8.1563,,8.2100,8.1700,8.1547,,14.0653,6.3800,6.1250,6.1250,6.3954,14.3422,6.5056,6.3250,6.3250,6.4764,14.9386,6.7761,6.4250,6.4250,6.6807
2024,21,7.7800,7.7700,7.7874,,8.0000,8.0100,7.8919,,8.0900,8.1100,7.9947,,14.2382,6.4584,6.1250,6.1250,6.4523,14.4322,6.5464,6.3250,6.3250,6.4872,14.8577,6.7394,6.4250,6.4250,6.6591
2024,22,7.4300,7.3400,7.4250,,7.5200,7.5100,7.4902,,7.6700,7.5600,7.4698,,13.8376,6.2767,6.0750,6.0500,6.2355,14.1522,6.4194,6.2750,6.2500,6.3018,14.6881,6.6625,6.3750,6.3500,6.4211
2024,23,6.9800,6.8500,6.7968,,7.0200,7.0500,6.9182,,7.1800,7.0400,6.7968,,13.5541,6.1481,5.9750,5.9250,6.1537,13.9542,6.3296,6.1250,6.0750,6.2942,14.6749,6.6565,6.2750,6.2250,6.6388
2024,24,6.7700,6.8200,6.7563,,6.8700,7.0000,6.8216,,7.0000,7.0200,6.9938,,13.2981,6.0320,5.8500,5.8500,6.0452,13.5583,6.1500,5.9750,5.9750,6.1896,14.5283,6.5900,6.1250,6.1250,6.4594
2024,25,7.1500,7.0900,7.1455,,7.2600,7.2300,7.2692,,7.3500,7.2800,7.3668,,13.2276,6.0000,5.8500,5.8500,6.0279,13.4260,6.0900,5.9750,5.9750,6.1526,13.9331,6.3200,6.1250,6.1250,6.2621
2024,26,7.1700,7.1500,7.1613,,7.2800,7.3800,7.2934,,7.3700,7.6100,7.3460,,13.0733,5.9300,5.7500,5.6750,5.9513,13.3511,6.0560,5.8750,5.8000,6.1188,13.9728,6.3380,6.1250,6.0500,6.3090
2024,27,7.1600,7.1600,7.1411,,7.2700,7.2000,7.2052,,7.3600,7.2500,7.2691,,12.6985,5.7600,5.5750,5.5750,5.7966,12.9322,5.8660,5.7250,5.7250,5.9769,13.7765,6.2490,5.9750,5.9750,6.1772
2024,28,7.0400,6.9600,7.0362,,7.1400,7.0800,7.1178,,7.2300,7.0900,7.1854,,12.6324,5.7300,5.4750,5.4750,5.7076,12.8261,5.8179,5.6250,5.6250,5.9598,13.5772,6.1586,5.8250,5.7750,6.0380
2024,29,7.1500,7.1600,7.1438,,7.2500,7.2500,7.2567,,7.3100,7.2800,7.3109,,12.2443,5.5540,5.4750,5.4250,5.5603,12.4627,5.6531,5.5750,5.5250,5.8775,13.2036,5.9891,5.6750,5.6250,5.9793
2024,30,6.7600,6.8500,6.7680,6.4175,6.8600,6.8500,6.7713,6.5572,6.9800,6.9000,6.8223,6.6363,12.7543,5.7853,5.3750,5.3750,5.4469,12.1749,5.5225,5.4750,5.4750,5.7599,13.2036,5.9891,5.5750,5.5750,5.7942
2024,31,6.4100,6.4200,6.4439,6.1434,6.5000,6.5100,6.5823,6.2309,6.6300,6.5500,6.6405,6.3084,12.0475,5.4647,5.3750,5.3750,5.4651,12.2410,5.5525,5.4750,5.4750,5.6079,12.7717,5.7932,5.5750,5.5750,5.7650
2024,32,6.3300,6.3200,6.3405,6.0257,6.4300,6.4100,6.4469,6.1269,6.5400,6.5100,6.5386,6.2149,12.1560,5.5140,5.3750,5.3750,5.5020,12.2886,5.5741,5.4750,5.4750,5.6090,12.7161,5.7680,5.5750,5.5750,5.7352
2024,33,6.5800,6.5200,6.5315,6.3000,6.6600,6.6300,6.6518,6.4000,6.8200,6.6900,6.7108,6.5000,11.9492,5.4202,5.3750,5.3750,5.4899,12.1739,5.5221,5.4750,5.4750,5.5931,12.3530,5.6033,5.5750,5.5750,5.7420
2024,34,6.6900,6.6100,6.4980,6.4436,6.7800,6.7200,6.7614,6.5248,6.8500,6.8300,6.8631,6.6039,12.1623,5.5168,5.3750,5.3750,5.5304,12.2084,5.5377,5.4750,5.4750,5.5833,12.6802,5.7517,5.5750,5.5750,5.6934
2024,35,6.5900,6.5900,6.6047,6.3526,6.7000,6.7000,6.7184,6.4597,6.8000,6.7900,6.8008,6.5809,12.1111,5.4936,5.3250,5.3000,5.4680,12.1730,5.5217,5.4250,5.4000,5.5454,12.6464,5.7364,5.5750,5.5500,5.6853
2024,36,6.4900,6.5200,6.5172,6.2441,6.5700,6.6000,6.5858,6.3146,6.6600,6.7700,6.6644,6.3912,11.9514,5.4212,5.2250,5.2250,5.3706,12.0687,5.4744,5.3250,5.3250,5.4662,12.4641,5.6537,5.4750,5.4750,5.5969
2024,37,7.1200,7.1000,7.1503,6.9000,7.2200,7.1700,7.2366,7.0000,7.3100,7.3100,7.3044,7.1000,11.9058,5.4005,5.2250,5.3250,5.3596,12.0577,5.4694,5.3250,5.4250,5.4823,12.4418,5.6436,5.4750,5.5750,5.5841
2024,38,8.0000,7.8900,8.0001,6.9000,8.1000,7.9500,8.1000,7.0000,8.2000,7.8100,8.2000,7.1000,12.5723,5.7028,5.4250,5.4250,5.6695,12.8017,5.8068,5.5250,5.5250,5.7000,13.2034,5.9891,5.7250,5.7250,5.9929
2024,39,7.4200,7.2000,7.4464,7.2015,7.5100,7.2600,7.5182,7.2829,7.5800,7.4500,7.5004,7.3781,13.0967,5.9407,5.4250,5.3750,5.6760,12.6466,5.7365,5.5250,5.4750,5.6672,13.0967,5.9407,5.7250,5.6750,5.7803
2024,40,7.0000,6.9000,7.0000,6.8000,7.1000,7.0100,7.1000,6.9000,7.1900,7.0700,7.2000,6.9492,12.6952,5.7586,5.3250,5.3250,5.7218,12.5199,5.6790,5.4250,5.4250,5.6588,12.9206,5.8608,5.6250,5.6250,5.7454
2024,41,6.5000,6.4700,6.5000,6.4201,6.6000,6.6200,6.6001,6.4758,6.7500,6.7200,6.7000,6.5644,12.4514,5.6479,5.3250,5.3250,5.6079,12.3774,5.6144,5.4250,5.4250,5.6325,12.8944,5.8489,5.6250,5.6250,5.7154
2024,42,6.7600,6.6400,6.7000,6.5205,6.8600,6.7700,6.8000,6.6263,6.9600,6.8300,6.9000,6.7453,12.4854,5.6634,5.3250,5.3250,5.6616,12.4116,5.6299,5.4250,5.4250,5.6440,12.8371,5.8229,5.6250,5.6250,5.6569
2024,43,7.1300,6.9800,,6.9348,7.2200,7.1200,7.1000,7.0107,7.3000,7.2200,7.2000,7.1030,12.7078,5.7643,5.3250,5.3750,5.7574,12.7103,5.7654,5.4250,5.4750,5.7367,12.9086,5.8553,5.6250,5.6750,5.6331
2024,44,7.4400,7.3700,7.4834,7.2180,7.5400,7.5100,7.5752,7.3208,7.6400,7.5300,7.6627,7.4020,12.9259,5.8632,5.4750,5.5000,5.7117,12.9189,5.8600,5.5750,5.6000,5.7200,13.0091,5.9009,5.7750,5.8000,5.6980
2024,45,7.4400,7.3800,7.4550,7.2483,7.5200,7.5100,7.5331,7.2832,7.6200,7.5700,7.6304,7.3946,12.7307,5.7747,5.5250,5.5500,5.7165,12.8274,5.8185,5.6250,5.6500,5.7302,13.1183,5.9505,5.8250,5.8250,5.6930
2024,46,7.7000,7.6700,7.7001,7.4675,7.7900,7.7900,7.8000,7.5649,7.8600,7.8700,7.8245,7.6292,12.7671,5.7912,5.6250,5.6750,5.7662,12.8274,5.8185,5.7250,5.7750,5.7212,13.2604,6.0149,5.8750,5.9250,5.7085
2024,47,7.8400,7.8200,7.8241,7.6219,7.9400,7.9200,7.9251,7.7227,8.0000,8.0200,8.0275,7.8344,13.2332,6.0026,5.7250,5.7750,5.9343,13.4982,6.1228,5.8250,5.8750,5.8296,13.4024,6.0793,5.9750,6.0250,6.2331
2024,48,7.8900,7.8300,7.9000,7.6724,7.9900,7.9400,8.0000,7.7803,8.0900,8.0100,8.0350,7.8717,13.5479,6.1453,5.8250,5.8250,6.0860,13.0752,5.9309,5.9250,5.9250,6.0815,13.7296,6.2278,6.0750,6.0750,6.2703
2024,49,7.7200,7.4800,7.6174,7.6000,7.8200,7.5800,7.6659,7.7000,7.8700,7.6400,7.7149,7.7000,13.5327,6.1384,5.8250,5.8000,6.0958,13.7213,6.2240,5.9250,5.9000,6.2121,13.8847,6.2981,6.0750,6.0500,6.3747
2024,50,7.5400,7.4800,7.4671,7.2236,7.6500,7.5600,7.6234,7.3843,7.7400,7.6300,7.6097,7.4929,13.5453,6.1441,5.7750,5.8000,6.0781,13.7437,6.2342,5.8750,5.9000,6.2206,13.8949,6.3027,6.0250,6.0500,6.3195
2024,51,7.4100,7.3700,7.4162,7.2524,7.5000,7.4600,7.5766,7.2767,7.7400,7.5300,7.6450,7.4791,13.4210,6.0877,5.8250,5.8250,6.0216,13.8280,6.2724,5.9250,5.9250,6.2357,14.0740,6.3840,6.0750,6.0750,6.5132
2024,52,7.6700,7.5800,7.7000,7.5444,7.7700,7.6400,7.8000,7.6420,7.8700,7.7700,7.9000,7.7832,13.7831,6.2520,5.9250,5.9750,6.1582,13.9444,6.3252,6.0250,6.0750,6.3069,14.0645,6.3797,6.1750,6.1750,6.4788
2025,1,8.3400,8.2800,8.4000,8.1000,8.4400,8.2900,8.5000,8.2000,8.5400,8.4900,8.6000,8.3000,13.6431,6.1885,6.1250,6.1750,6.2573,14.5036,6.5788,6.2250,6.2750,6.5514,14.2658,6.4710,6.4500,6.6000,6.5114
2025,2,8.7000,8.7000,8.6452,8.4886,8.8000,8.7400,8.7534,8.5844,8.9000,8.8100,8.8124,8.6834,14.0898,6.3911,6.2750,6.4250,6.4037,14.5683,6.6082,6.3750,6.5250,6.5938,14.2658,6.4710,6.7000,6.7000,6.6905
2025,3,8.9200,8.9000,8.8138,8.6983,9.0400,8.9600,8.9003,8.8401,9.1300,9.0600,9.0706,8.9149,14.7226,6.6782,6.5250,6.5250,6.6571,14.8423,6.7325,6.6250,6.6250,6.7058,15.1257,6.8610,6.7000,6.6000,6.8651
2025,4,9.0300,8.9800,9.0217,8.7937,9.1400,9.0700,9.0925,8.9167,9.2300,9.1900,9.2125,8.9948,14.9259,6.7704,6.5250,6.4250,6.7323,14.9279,6.7713,6.6250,6.5250,6.7684,15.2904,6.9357,6.5000,6.4000,6.9617
2025,5,8.5300,8.5600,8.7506,8.2615,8.6300,8.6900,8.7199,8.3608,8.7300,8.8300,8.8223,8.4481,14.8138,6.7196,6.3250,6.2250,6.7446,14.8928,6.7554,6.4250,6.3250,6.7096,15.2818,6.9318,6.3250,6.3250,6.8515
2025,6,8.0400,8.0200,8.0134,7.7729,8.1400,8.1200,8.2018,7.8999,8.7300,8.2000,8.2952,8.0072,14.4883,6.5719,6.1250,6.1250,6.5615,14.6755,6.6568,6.2250,6.2250,6.5890,14.8021,6.7142,6.3750,6.3750,6.7200
2025,7,8.2500,8.1700,8.2384,8.0443,8.3500,8.3200,8.3380,8.1407,8.4500,8.4600,8.4622,8.2354,14.1106,6.4006,6.1750,6.1750,6.4033,14.3581,6.5128,6.2750,6.2750,6.4712,14.6502,6.6453,6.4250,6.5750,6.5611
2025,8,8.3600,8.2200,8.2847,8.0779,8.4600,8.3200,8.4563,8.1808,8.5600,8.4600,8.5545,8.3189,14.4940,6.5745,6.2250,6.3750,6.5720,14.4758,6.5662,6.3250,6.4750,6.5841,14.9082,6.7623,6.5750,6.5750,6.5592
2025,9,8.0900,8.1400,8.1565,7.8821,8.2000,8.1900,8.1887,8.0172,8.2800,8.2700,8.2740,8.1010,14.6777,6.6578,6.3750,6.3750,6.6547,14.6391,6.6403,6.4750,6.4750,6.6134,14.9585,6.7852,6.5750,6.5750,6.6554
2025,10,7.8300,7.7900,,7.6301,7.9500,7.9400,,7.7673,8.0200,8.0000,8.0000,7.8413,14.8110,6.7183,6.3750,6.3750,6.6697,14.7794,6.7040,6.4750,6.4750,6.6637,15.1160,6.8566,6.5750,6.5250,6.6637
2025,11,8.0400,8.0400,8.0442,7.8318,8.1400,8.1600,8.1543,7.9372,8.2500,8.2800,8.3220,8.0259,14.3535,6.5107,6.3750,6.2750,6.5075,14.5076,6.5806,6.4750,6.3750,6.5896,14.7750,6.7020,6.5250,6.5250,6.5896
2025,12,8.1600,8.1400,8.1855,7.9263,8.2900,8.2600,8.3287,8.0514,8.3700,8.3200,8.3651,8.1343,14.5402,6.5955,6.2750,6.2750,6.5859,14.5213,6.5869,6.3750,6.3750,6.5920,14.7951,6.7111,6.5250,6.3750,6.7019
2025,13,8.0400,7.9700,8.0777,7.8467,8.1400,8.0800,8.2000,7.9613,8.2400,8.1500,8.2059,8.0643,14.2263,6.4530,6.1750,6.0250,6.4465,14.4796,6.5680,6.3250,6.1750,6.5319,14.7032,6.6694,6.3250,6.3250,6.6494
2025,14,7.5600,7.5300,7.8011,7.2479,7.6400,7.6200,7.8402,7.4725,7.7300,7.7100,7.8000,7.5672,14.0936,6.3928,5.9750,5.9750,6.3867,14.3190,6.4951,6.1250,6.1250,6.4978,14.6995,6.6677,6.5250,6.6250,6.5829
2025,15,7.2000,7.2200,,6.9978,7.3000,7.3300,,7.0840,7.4000,7.4000,,7.1803,13.2567,6.7008,6.3250,6.4250,6.5571,13.8008,6.8304,6.4250,6.5250,6.8220,13.9973,6.9263,6.7250,6.7250,6.8992
2025,16,7.4400,7.4100,7.4000,7.2119,7.5300,7.5200,7.5000,7.1318,7.6200,7.6200,7.6000,7.3318,13.3041,6.5785,6.5250,6.5250,6.5604,13.7223,6.7883,6.6250,6.6250,6.7879,13.9091,6.8820,6.7750,6.8250,6.8815
2025,17,7.2200,7.1900,7.0665,7.0196,7.3100,7.3100,7.2293,7.1448,7.4100,7.3800,7.3063,7.2292,13.7643,6.8094,6.5750,6.6250,6.8080,13.8542,6.8545,6.6750,6.7250,6.8441,14.0307,6.9430,6.8250,6.7750,6.9193
2025,18,7.1000,7.1200,7.1000,7.0273,7.1800,7.2100,7.2000,7.0308,7.2600,7.2400,7.3000,7.0991,13.9775,6.9164,6.6250,6.5750,6.9240,13.9260,6.8905,6.7250,6.6750,6.8481,14.2974,7.0769,6.6250,6.4750,6.9674
2025,19,6.8600,6.7800,7.0000,6.6576,6.9400,6.9000,7.0000,6.7318,7.0300,6.9900,7.0000,6.8325,13.4783,6.6645,6.4250,6.2750,6.6651,13.5856,6.7178,6.5250,6.3750,6.6122,13.9129,6.8803,6.3250,6.1750,6.7348
2025,20,6.9000,6.8600,,6.7000,6.9900,6.9600,7.0000,6.7934,7.0300,7.0900,7.1000,6.8748,13.1252,6.4892,6.1250,5.9750,6.4795,13.1234,6.4883,6.2250,6.0750,6.4827,13.5040,6.6773,6.1250,6.0250,6.5234
2025,21,6.6400,6.6300,6.6500,6.5025,6.7400,6.7400,6.8557,6.5749,6.8400,6.8300,6.8823,6.6340,13.0351,6.3915,5.9250,5.8250,6.3866,13.0856,6.4166,6.0250,5.9250,6.4339,13.3870,6.5664,5.9250,5.8250,6.5292
2025,22,6.6400,6.6300,6.4304,6.4428,6.7400,6.7300,6.5157,6.5408,6.9500,6.8400,6.7569,6.6576,12.3017,6.0270,5.7250,5.6250,6.0225,12.6093,6.1799,5.8250,5.7250,6.1644,12.8534,6.3012,5.8250,5.8250,6.2747
2025,23,6.4500,6.4100,,6.2323,6.5400,6.5100,6.6000,6.3066,6.6300,6.6900,6.7000,,11.4073,5.5825,5.5750,5.4750,5.7585,11.9196,5.8371,5.6750,5.5750,5.8597,12.3793,6.0656,5.8250,5.8250,6.0003
2025,24,6.4500,6.4400,6.5001,6.2450,6.5400,6.5600,6.6000,6.3224,6.6300,6.7000,6.7000,6.4000,11.3368,5.5475,5.4750,5.5250,5.5607,11.7885,5.7720,5.5750,5.6250,5.7659,12.0910,5.9223,5.8250,5.8250,5.9360
2025,25,6.7800,6.6900,,6.4854,6.8700,6.7900,,6.6031,6.9500,6.7800,,6.7165,11.5462,5.6507,5.5750,5.5750,5.7162,11.8774,5.8152,5.6750,5.6750,5.8165,12.1326,5.9421,5.7250,5.6250,5.9623
2025,26,6.7800,6.7400,6.8000,6.5335,6.8600,6.8600,6.9000,6.6592,6.9500,6.9700,7.0000,6.7641,11.4486,5.9266,5.4750,5.3750,5.5984,11.9098,5.8686,5.5750,5.4750,5.8270,12.1658,5.7949,5.5750,5.5250,5.9560
2025,27,6.4300,6.4500,,6.2569,6.5200,6.5500,,6.3169,6.6000,6.6300,,6.4301,11.1164,5.4361,5.3250,5.2750,5.4344,11.5150,5.6342,5.4250,5.3750,5.5766,12.0454,5.8978,5.4750,5.4750,5.8280
2025,28,6.4700,6.4600,,6.2895,6.5600,6.5300,,6.3336,6.6500,6.6300,,6.4492,10.9613,5.3648,5.2750,5.2750,5.3720,11.3767,5.5665,5.3750,5.3750,5.5152,11.3734,5.5648,5.4750,5.4750,5.6824
2025,29,6.4100,6.4800,,6.2129,6.5100,6.5200,,6.3134,6.6200,6.6200,,6.4171,10.8808,5.5116,5.2750,5.2750,5.3464,11.2664,5.7841,5.3750,5.3750,5.4457,11.8147,5.6188,5.4750,5.4750,5.7640
2025,30,6.4000,6.2500,,6.1498,6.5000,6.3400,,6.2303,6.6000,6.4400,,6.3583,10.7756,5.2677,5.2750,5.2750,5.2739,11.1942,5.4758,5.3750,5.3750,5.3922,11.7117,5.7330,5.4750,5.4750,5.6634
2025,31,5.9800,5.9300,5.9000,5.7594,6.0000,6.0100,,5.7367,6.0600,6.0900,,5.8411,10.7881,5.2729,5.2750,5.2750,5.2726,11.2403,5.4977,5.3750,5.3750,5.4275,11.8461,5.7987,5.4250,5.3750,5.7114
2025,32,5.7300,5.7300,5.7051,5.5336,5.8100,5.8500,5.7468,5.6429,5.8700,5.9500,6.0287,5.7067,10.7256,5.2419,5.2250,5.1750,5.2165,11.1060,5.4309,5.3250,5.2750,5.3298,11.5399,5.6466,5.3750,5.3750,5.5718
2025,33,5.8700,5.7800,5.8659,5.6454,5.9600,5.9300,5.9640,5.7616,6.0300,5.9500,6.0534,5.7969,10.6856,5.2134,5.1750,5.1750,5.2139,11.1063,5.3645,5.2750,5.2750,5.3307,10.9723,5.6750,5.3750,5.3750,5.6272
2025,34,5.7600,5.7500,5.8000,5.5759,5.8500,5.8100,5.9000,5.6461,5.9700,5.8700,6.0038,5.7626,10.6064,5.1826,5.1750,5.1750,5.1695,10.9950,5.3758,5.2750,5.2750,5.2661,11.5628,5.6579,5.3750,5.3750,5.5795
2025,35,5.5300,5.5700,5.5000,5.3163,5.6200,5.6600,5.6067,5.4000,5.7000,5.7000,5.6807,5.4410,10.6580,5.2083,5.1750,5.1750,5.2334,10.8776,5.3174,5.2750,5.2750,5.2710,11.2481,5.5016,5.3750,5.3750,5.4057
2025,36,5.4500,5.4600,5.4204,5.3140,5.5300,5.5500,5.5253,5.4000,5.6200,5.6000,5.6242,,10.7204,5.2393,5.1750,5.1750,5.2112,10.8385,5.2980,5.2750,5.2750,5.2452,10.9135,5.3353,5.3750,5.4750,5.4028
2025,37,5.8100,5.7100,5.6509,5.6000,5.9100,5.8700,5.8328,5.7000,5.9800,5.8400,5.7141,,10.6845,5.2215,5.1750,5.2750,5.2324,10.9178,5.3374,5.2750,5.3750,5.2667,11.3195,5.3374,5.5750,5.5750,5.5269
2025,38,6.4300,6.2000,5.8467,6.1810,6.5300,6.2800,6.0271,6.3000,6.6300,6.4100,6.1248,6.3000,11.2395,5.5038,5.3750,5.3750,5.4714,11.3602,5.5641,5.4750,5.4750,5.5459,11.8228,5.7934,5.4750,5.3750,5.7405
2025,39,5.8600,5.8100,5.8176,5.5967,5.9200,5.9000,5.9268,5.6984,6.0400,5.9700,5.9495,,11.0274,5.3945,5.2750,5.1750,5.3523,11.2572,5.5088,5.3750,5.2750,5.4622,11.7261,5.7419,5.2750,5.1750,5.6313
2025,40,5.6000,5.6300,5.6109,5.4000,5.7000,5.7300,5.7153,5.5000,5.8000,5.7900,5.6315,5.6000,11.1174,5.4393,5.0750,4.9750,5.3522,11.0322,5.3969,5.1750,5.0750,5.3608,11.6394,5.6988,5.1750,5.1250,5.6867
2025,41,5.7100,5.7100,5.6836,5.5000,5.8100,5.7900,5.8051,5.6000,5.9100,5.8800,5.9101,5.7000,10.5423,5.1533,4.9750,4.9250,5.1504,10.6453,5.2046,5.0750,5.0250,5.2106,11.3134,5.5367,5.1250,5.1750,5.4346
2025,42,5.7300,5.7000,5.7273,5.5000,5.8200,5.8000,5.8158,5.6000,5.9300,5.8900,5.9000,,10.4491,5.1070,4.9250,4.9750,5.0815,10.6075,5.1858,5.0250,5.0750,5.1278,11.3218,5.5409,5.2250,5.3750,5.4717
2025,43,6.1000,6.0400,6.1115,5.8000,6.2000,6.1400,6.1748,5.9000,6.3000,6.2000,6.2202,6.0000,10.4964,5.1305,5.0250,5.1750,5.1003,10.6651,5.2144,5.1250,5.2750,5.1430,11.3218,5.5433,5.3750,5.3750,5.4026
2025,44,6.4000,6.4300,6.3836,6.2000,6.5000,6.5500,6.4756,6.3000,6.6000,6.5500,6.6256,6.5171,11.1703,5.4656,5.1750,5.1750,5.4412,11.3193,5.5396,5.2750,5.2750,5.4912,11.6119,5.6851,5.3750,5.2750,5.6228
2025,45,6.1000,6.1000,6.1097,5.8598,6.2000,6.1800,6.2162,5.9295,6.3000,6.3400,6.2827,6.4595,10.9644,5.3632,5.1750,5.0750,5.3758,11.2124,5.4865,5.2750,5.1750,5.4509,11.4505,5.6049,5.1750,5.1750,5.4982
2025,46,5.8500,5.8400,5.8121,5.6000,5.9100,5.9300,5.9076,5.7000,6.0500,5.9800,5.9927,6.0200,10.7406,5.2519,4.9750,4.9750,5.2656,10.9379,5.3500,5.0750,5.0750,5.3459,11.5249,5.6419,5.1750,5.1250,5.4990
2025,47,5.6100,5.6300,5.6128,5.4000,5.7100,5.7200,5.7149,5.5000,5.8100,5.8300,5.8794,5.7711,10.6103,5.1871,4.9750,4.9250,5.2095,10.7323,5.2478,5.0750,5.0250,5.1864,11.2691,5.5147,5.1250,5.1250,5.4957
2025,48,5.5800,5.4300,5.5464,5.2356,5.6800,5.5800,5.6690,5.3627,5.6800,5.7400,5.8596,5.5903,10.7663,5.2647,4.9250,4.9250,5.2649,10.7367,5.2929,5.0250,5.0250,5.1470,11.4030,5.5813,5.1250,5.3250,5.2012
2025,49,5.4500,5.4200,5.4507,5.2401,5.5500,5.5100,5.5528,5.3418,5.6600,5.6200,5.7408,5.4854,10.5557,5.1644,4.9250,5.1250,5.2234,10.8172,5.2902,5.0250,5.2250,5.2883,11.4004,5.5798,5.4750,5.6750,5.5569
2025,50,6.1600,6.0500,6.2000,5.9463,6.2600,6.2000,6.3000,6.0871,6.4000,6.3400,6.4000,6.2419,12.0261,5.4550,5.2750,5.4750,5.4045,11.8751,5.3865,5.3750,5.5750,5.3966,12.5233,5.6806,5.8750,6.1500,5.6479
2025,51,6.4700,6.2800,6.4585,6.2793,6.5400,6.4100,6.5564,6.3259,6.6700,6.4800,6.6359,6.4924,12.8680,5.8369,5.6750,5.9750,5.8374,12.9077,5.8550,5.7750,6.0750,5.8160,13.1445,5.9623,6.3750,6.3750,6.0139
2025,52,7.3900,7.2400,7.1382,7.1269,7.4800,7.3200,7.1553,7.2706,7.5800,7.3200,6.8374,7.3452,13.7836,6.2523,6.1750,6.1750,6.2820,13.8335,6.2749,6.2750,6.2750,6.3101,13.9785,6.3406,6.5750,6.5750,6.4361
2026,1,8.0100,7.8000,8.1000,7.7174,8.1200,7.9300,8.2000,7.9000,8.2400,8.0500,8.3000,8.0000,14.5496,6.5997,6.3750,6.3750,6.5791,14.6663,6.6526,6.4750,6.4750,6.6175,14.8253,6.7248,,,6.6094
2026,2,7.7000,7.6400,7.6778,7.4864,7.8000,7.7800,7.8041,7.6079,7.9000,7.9100,7.8955,7.7293,14.5185,6.5856,6.3750,6.1750,6.5608,14.6883,6.6626,6.4750,6.2750,6.6006,14.9127,6.7644,6.5750,6.3750,6.6708
2026,3,7.2000,7.2600,7.1170,7.0578,7.2800,7.3300,7.3345,7.1445,7.3700,7.4200,7.4452,7.2347,14.5185,6.5856,6.0750,5.8750,6.5316,14.7207,6.6773,6.1750,5.9750,6.5791,14.9127,6.7644,6.2750,6.0750,6.6306
2026,4,6.7600,6.7100,6.8000,6.6106,6.8600,6.9200,6.8951,6.6639,6.9600,7.1100,6.9935,6.8525,13.3599,6.0600,5.7750,5.7750,6.0663,13.4921,6.1200,5.8750,5.8750,6.1562,14.0476,6.3720,5.9750,5.9750,6.3765
2026,5,6.2000,6.2000,6.1867,6.0000,6.3200,6.3700,6.2838,6.1265,6.4300,6.4500,6.3919,6.2323,12.8501,5.8288,5.7250,5.6750,5.8258,13.2692,6.0189,5.8250,5.7750,5.9750,12.8501,5.8288,5.9250,5.8750,6.1537
2026,6,6.0000,6.0400,6.0000,5.8000,6.1000,6.1500,6.1000,5.9074,6.2000,6.2200,6.2000,6.0932,12.8552,5.8311,5.6750,5.8250,5.8090,12.9251,5.8628,5.7750,5.9250,5.9379,13.5517,6.1471,5.8750,6.0250,6.0728
2026,7,6.2800,6.1400,6.3000,6.0959,6.3800,6.2600,6.4000,6.1796,6.4800,6.4400,6.5000,6.3419,13.5847,6.1620,5.9750,6.2250,6.1026,13.6557,6.1942,6.0750,6.3250,6.1793,14.0844,6.3887,6.1750,6.4250,6.3488
2026,8,7.0000,6.7600,7.0000,6.8029,7.1000,6.8600,7.1000,6.8707,7.2100,6.9500,7.2000,7.1139,14.3621,6.5146,6.3250,6.4250,6.4467,14.3439,6.5064,6.4250,6.5250,6.4103,14.7155,6.6750,6.5250,6.6250,6.3245
2026,9,7.0500,6.9600,7.1000,6.8546,7.1600,7.0100,7.2000,6.9379,7.2400,6.8400,7.3001,7.0494,14.2638,6.4700,6.4250,6.3250,6.4627,14.5095,6.5815,6.5250,6.4250,6.5609,14.8758,6.7477,6.6250,6.5250,6.6387
2026,10,7.2000,7.1700,,,7.3100,7.2600,,,7.4100,7.0300,,,14.0135,6.3565,6.3000,6.2000,,14.4915,6.5733,6.4000,6.3000,,14.5056,6.5798,6.5000,6.4000,
2026,11,7.3200,7.2600,,,7.5100,7.4100,,,7.5800,7.3800,,,13.9070,6.3082,6.3000,6.3000,,14.3009,6.4869,6.4000,6.4000,,14.5253,6.5887,6.5000,6.5000,
2026,12,8.2200,,,,8.5100,,,,8.6000,,,,14.1323,6.4104,6.3000,6.4500,,14.5507,6.6002,6.4000,6.5500,,14.8554,6.7384,6.5000,6.6500,
2026,13,8.2800,,,,8.6300,,,,8.7200,,,,14.4563,6.5574,6.5500,,,14.7296,6.6814,6.6500,,,14.9785,6.7943,6.7500,,